shipment_id,leg_no,origin,destination,country,mode,distance_km,lead_time_days,fixed_cost,variable_cost_per_case,currency,duties_rate,fx_usd_to_cad,incoterms
SHP10000,1,Le Havre,Los Angeles,USA,Sea,6962.4,17,2338.09,1.19,USD,0.0,1.284,DDP
SHP10000,2,Los Angeles,CO,USA,Truck,145.5,2,779.36,0.74,CAD,0.0,1.284,CIF
SHP10001,1,Dunkerque,Montreal,Canada,Sea,6370.3,16,1619.31,0.68,USD,0.025,1.291,FOB
SHP10001,2,Montreal,AB,Canada,Truck,248.7,4,539.77,1.47,USD,0.025,1.291,DDP
SHP10002,1,Marseille,Montreal,Canada,Sea,6898.7,14,1139.98,0.69,USD,0.015,1.33,FOB
SHP10002,2,Montreal,Hub-West,Canada,Truck,559.3,4,379.99,0.41,USD,0.015,1.33,CIF
SHP10002,3,Montreal,QC,Canada,Truck,683.4,5,379.99,0.66,CAD,0.015,1.33,FOB
SHP10003,1,Dunkerque,Montreal,Canada,Sea,6306.5,13,2307.6,1.45,USD,0.02,1.341,DDP
SHP10003,2,Montreal,NB,Canada,Truck,369.2,2,769.2,1.19,USD,0.02,1.341,FOB
SHP10004,1,Marseille,New York,USA,Sea,6799.2,15,908.49,0.8,CAD,0.025,1.411,FOB
SHP10004,2,New York,Hub-East,USA,Sea,282.0,3,302.83,0.42,USD,0.025,1.411,CIF
SHP10004,3,New York,TX,USA,Rail,496.9,3,302.83,1.43,CAD,0.025,1.411,FOB
SHP10005,1,Le Havre,Savannah,USA,Sea,6991.0,16,1821.39,1.34,USD,0.015,1.3,DAP
SHP10005,2,Savannah,NC,USA,Rail,295.6,4,607.13,0.4,USD,0.015,1.3,FOB
SHP10006,1,Dunkerque,Los Angeles,USA,Sea,6506.5,17,1917.93,1.16,CAD,0.0,1.262,DAP
SHP10006,2,Los Angeles,CT,USA,Truck,127.1,5,639.31,,CAD,0.0,1.262,CIF
SHP10007,1,Dunkerque,Montreal,Canada,Sea,6757.4,18,829.74,1.01,USD,0.015,1.345,CIF
SHP10007,2,Montreal,ON,Canada,Truck,628.0,5,276.58,1.27,USD,0.015,1.345,DDP
SHP10008,1,Le Havre,New York,USA,Sea,6685.6,18,830.98,,USD,0.025,1.28,DDP
SHP10008,2,New York,Hub-East,USA,Truck,661.7,6,276.99,1.4,USD,0.025,1.28,DDP
SHP10008,3,New York,MA,USA,Truck,708.7,2,276.99,1.5,USD,0.025,1.28,CIF
SHP10009,1,Marseille,Savannah,USA,Sea,6183.7,14,2678.96,1.12,USD,0.015,1.3,DDP
SHP10009,2,Savannah,NJ,USA,Truck,794.8,2,892.99,1.49,USD,0.015,1.3,DAP
SHP10010,1,Dunkerque,Montreal,Canada,Sea,6099.1,14,2577.25,1.41,USD,0.02,1.38,DDP
SHP10010,2,Montreal,Hub-West,Canada,Truck,214.8,1,859.08,1.26,USD,0.02,1.38,CIF
SHP10010,3,Montreal,PE,Canada,Truck,118.2,1,859.08,0.3,USD,0.02,1.38,DDP
SHP10011,1,Le Havre,New York,USA,Sea,6662.6,16,2683.4,0.41,USD,0.025,1.335,DDP
SHP10011,2,New York,NY,USA,Rail,671.2,5,894.47,1.03,USD,0.025,1.335,DDP
SHP10012,1,Le Havre,Los Angeles,USA,Sea,6756.6,16,1590.83,0.96,USD,0.015,1.279,DAP
SHP10012,2,Los Angeles,Hub-West,USA,Truck,383.8,4,530.28,0.9,USD,0.015,1.279,DAP
SHP10012,3,Los Angeles,OH,USA,Rail,349.1,5,530.28,1.04,CAD,0.015,1.279,CIF
SHP10013,1,Dunkerque,New York,USA,Sea,6571.5,15,1343.26,0.8,USD,0.015,1.332,DDP
SHP10013,2,New York,CA,USA,Truck,207.7,3,447.75,1.12,USD,0.015,1.332,FOB
SHP10014,1,Dunkerque,Savannah,USA,Sea,6971.6,14,727.39,0.33,USD,0.015,1.412,DDP
SHP10014,2,Savannah,Hub-East,USA,Truck,689.9,6,242.46,1.17,USD,0.015,1.412,DAP
SHP10014,3,Savannah,PA,USA,Truck,457.3,2,242.46,,USD,0.015,1.412,FOB
SHP10015,1,Le Havre,Vancouver,Canada,Sea,6489.7,16,1072.61,0.22,USD,0.025,1.347,DDP
SHP10015,2,Vancouver,NL,Canada,Truck,374.3,5,357.54,1.38,USD,0.025,1.347,CIF
SHP10016,1,Le Havre,Savannah,USA,Sea,6530.0,14,2245.3,0.77,USD,0.015,1.251,DAP
SHP10016,2,Savannah,WA,USA,Truck,533.4,3,748.43,0.25,USD,0.015,1.251,DDP
SHP10017,1,Le Havre,New York,USA,Sea,6193.0,17,2523.27,,CAD,0.0,1.403,CIF
SHP10017,2,New York,Hub-West,USA,Rail,436.7,4,841.09,1.3,CAD,0.0,1.403,DDP
SHP10017,3,New York,PA,USA,Rail,266.2,3,841.09,0.63,USD,0.0,1.403,FOB
SHP10018,1,Le Havre,Los Angeles,USA,Sea,6751.2,18,1428.76,,USD,0.02,1.342,FOB
SHP10018,2,Los Angeles,IL,USA,Truck,770.3,6,476.25,1.06,CAD,0.02,1.342,FOB
SHP10019,1,Dunkerque,Savannah,USA,Sea,6027.2,15,1105.08,0.3,USD,0.015,1.361,CIF
SHP10019,2,Savannah,Hub-West,USA,Truck,260.9,3,368.36,1.19,USD,0.015,1.361,CIF
SHP10019,3,Savannah,AZ,USA,Truck,173.5,4,368.36,0.81,USD,0.015,1.361,DAP
SHP10020,1,Marseille,Los Angeles,USA,Sea,6324.4,14,1468.18,0.58,USD,0.02,1.322,FOB
SHP10020,2,Los Angeles,TX,USA,Truck,490.8,4,489.39,1.06,USD,0.02,1.322,CIF
SHP10021,1,Dunkerque,Vancouver,Canada,Sea,6293.1,14,2461.23,0.54,USD,0.0,1.295,CIF
SHP10021,2,Vancouver,Hub-West,Canada,Rail,183.5,5,820.41,0.47,USD,0.0,1.295,DAP
SHP10021,3,Vancouver,AB,Canada,Rail,735.9,5,820.41,0.98,CAD,0.0,1.295,DAP
SHP10022,1,Dunkerque,Montreal,Canada,Sea,6500.2,18,1572.02,1.32,USD,0.02,1.437,FOB
SHP10022,2,Montreal,Hub-East,Canada,Rail,693.1,6,524.01,0.33,CAD,0.02,1.437,FOB
SHP10022,3,Montreal,PE,Canada,Rail,286.6,1,524.01,0.29,CAD,0.02,1.437,DAP
SHP10023,1,Le Havre,Savannah,USA,Sea,6439.7,15,2275.19,0.54,CAD,0.02,1.379,FOB
SHP10023,2,Savannah,MD,USA,Rail,548.9,5,758.4,0.78,USD,0.02,1.379,DAP
SHP10024,1,Le Havre,Los Angeles,USA,Sea,6554.0,14,2024.88,0.79,USD,0.015,1.323,DDP
SHP10024,2,Los Angeles,Hub-West,USA,Air,403.6,1,674.96,0.25,USD,0.015,1.323,DDP
SHP10024,3,Los Angeles,GA,USA,Truck,168.9,3,674.96,0.57,CAD,0.015,1.323,DAP
SHP10025,1,Dunkerque,New York,USA,Sea,6107.3,14,2591.64,1.0,CAD,0.015,1.363,DDP
SHP10025,2,New York,Hub-East,USA,Rail,351.0,3,863.88,1.23,USD,0.015,1.363,FOB
SHP10025,3,New York,OH,USA,Truck,706.9,6,863.88,1.24,USD,0.015,1.363,CIF
SHP10026,1,Dunkerque,Montreal,Canada,Sea,6887.1,15,1735.67,0.53,USD,0.025,1.3,DAP
SHP10026,2,Montreal,Hub-West,Canada,Rail,740.6,4,578.56,0.85,USD,0.025,1.3,CIF
SHP10026,3,Montreal,ON,Canada,Truck,683.0,6,578.56,1.28,CAD,0.025,1.3,DDP
SHP10027,1,Dunkerque,Savannah,USA,Sea,6280.6,15,2336.94,0.85,USD,0.025,1.217,CIF
SHP10027,2,Savannah,CO,USA,Truck,532.1,3,778.98,1.31,CAD,0.025,1.217,FOB
SHP10028,1,Le Havre,New York,USA,Sea,6290.9,17,2018.15,1.41,USD,0.0,1.335,FOB
SHP10028,2,New York,Hub-West,USA,Truck,226.4,1,672.72,1.32,USD,0.0,1.335,DDP
SHP10028,3,New York,MD,USA,Truck,267.9,1,672.72,0.81,USD,0.0,1.335,DAP
SHP10029,1,Dunkerque,Los Angeles,USA,Sea,6707.9,15,1803.95,0.52,USD,0.02,1.274,DAP
SHP10029,2,Los Angeles,TX,USA,Rail,374.2,1,601.32,0.62,USD,0.02,1.274,DAP
SHP10030,1,Dunkerque,Savannah,USA,Sea,6145.4,16,1288.36,1.41,CAD,0.02,1.308,DAP
SHP10030,2,Savannah,Hub-East,USA,Truck,572.6,5,429.45,0.27,USD,0.02,1.308,DAP
SHP10030,3,Savannah,OH,USA,Sea,397.3,3,429.45,1.06,USD,0.02,1.308,CIF
SHP10031,1,Dunkerque,New York,USA,Sea,6039.3,15,754.96,0.35,CAD,0.02,1.304,CIF
SHP10031,2,New York,Hub-East,USA,Truck,484.2,1,251.65,0.45,USD,0.02,1.304,DDP
SHP10031,3,New York,MD,USA,Truck,166.0,5,251.65,1.24,USD,0.02,1.304,DDP
SHP10032,1,Marseille,Montreal,Canada,Sea,6590.6,15,2281.89,,USD,0.0,1.297,CIF
SHP10032,2,Montreal,Hub-West,Canada,Truck,373.5,4,760.63,0.49,CAD,0.0,1.297,DDP
SHP10032,3,Montreal,SK,Canada,Truck,102.4,3,760.63,1.45,USD,0.0,1.297,DDP
SHP10033,1,Le Havre,New York,USA,Sea,6572.9,17,1731.38,1.13,USD,0.015,1.325,FOB
SHP10033,2,New York,GA,USA,Rail,582.7,6,577.13,1.01,USD,0.015,1.325,DAP
SHP10034,1,Le Havre,Vancouver,Canada,Sea,6572.2,14,1809.69,1.13,CAD,0.015,1.298,DDP
SHP10034,2,Vancouver,NS,Canada,Rail,146.3,4,603.23,1.47,USD,0.015,1.298,DAP
SHP10035,1,Le Havre,Halifax,Canada,Sea,6681.9,18,2640.81,1.32,USD,0.015,1.315,DDP
SHP10035,2,Halifax,Hub-East,Canada,Air,358.5,4,880.27,1.33,USD,0.015,1.315,FOB
SHP10035,3,Halifax,MB,Canada,Truck,274.9,3,880.27,0.23,USD,0.015,1.315,CIF
SHP10036,1,Marseille,New York,USA,Sea,6099.4,17,929.38,0.81,CAD,0.015,1.32,CIF
SHP10036,2,New York,Hub-West,USA,Truck,685.9,5,309.79,1.17,CAD,0.015,1.32,DDP
SHP10036,3,New York,NJ,USA,Air,799.0,3,309.79,0.84,USD,0.015,1.32,DAP
SHP10037,1,Dunkerque,Montreal,Canada,Sea,6002.4,16,2193.33,0.76,CAD,0.0,1.251,FOB
SHP10037,2,Montreal,PE,Canada,Rail,445.6,1,731.11,0.5,USD,0.0,1.251,DAP
SHP10038,1,Le Havre,Montreal,Canada,Sea,6799.3,17,1398.38,0.96,USD,0.015,1.325,FOB
SHP10038,2,Montreal,Hub-West,Canada,Rail,427.3,3,466.13,1.48,USD,0.015,1.325,DAP
SHP10038,3,Montreal,MB,Canada,Rail,297.2,2,466.13,0.59,USD,0.015,1.325,DDP
SHP10039,1,Le Havre,Savannah,USA,Sea,6463.5,17,1625.36,1.14,USD,0.025,1.293,DDP
SHP10039,2,Savannah,Hub-West,USA,Truck,673.5,4,541.79,0.22,USD,0.025,1.293,CIF
SHP10039,3,Savannah,MN,USA,Truck,390.3,2,541.79,0.47,USD,0.025,1.293,DDP
SHP10040,1,Marseille,Savannah,USA,Sea,6181.2,13,1235.85,1.3,CAD,0.0,1.317,DAP
SHP10040,2,Savannah,OR,USA,Sea,364.7,2,411.95,0.67,CAD,0.0,1.317,CIF
SHP10041,1,Dunkerque,Savannah,USA,Sea,6377.5,16,2326.46,0.74,CAD,0.0,1.308,CIF
SHP10041,2,Savannah,Hub-West,USA,Rail,739.8,4,775.49,0.31,CAD,0.0,1.308,CIF
SHP10041,3,Savannah,NY,USA,Truck,698.7,6,775.49,0.73,CAD,0.0,1.308,FOB
SHP10042,1,Dunkerque,New York,USA,Sea,6343.6,13,1028.32,0.73,USD,0.0,1.324,CIF
SHP10042,2,New York,Hub-East,USA,Rail,136.8,4,342.77,,USD,0.0,1.324,CIF
SHP10042,3,New York,PA,USA,Rail,457.3,1,342.77,1.46,USD,0.0,1.324,FOB
SHP10043,1,Dunkerque,Montreal,Canada,Sea,6982.5,14,2059.44,0.83,CAD,0.0,1.308,FOB
SHP10043,2,Montreal,SK,Canada,Truck,576.2,3,686.48,1.22,USD,0.0,1.308,DDP
SHP10044,1,Dunkerque,Los Angeles,USA,Sea,6768.9,15,1748.04,1.04,USD,0.015,1.299,CIF
SHP10044,2,Los Angeles,TX,USA,Truck,269.8,5,582.68,1.1,USD,0.015,1.299,DDP
SHP10045,1,Marseille,Los Angeles,USA,Sea,6749.6,15,2102.77,1.04,USD,0.015,1.285,CIF
SHP10045,2,Los Angeles,FL,USA,Truck,740.7,6,700.92,0.49,CAD,0.015,1.285,CIF
SHP10046,1,Dunkerque,Halifax,Canada,Sea,6185.7,13,2281.87,1.22,USD,0.015,1.352,CIF
SHP10046,2,Halifax,Hub-East,Canada,Truck,757.2,6,760.62,1.15,USD,0.015,1.352,DDP
SHP10046,3,Halifax,NL,Canada,Sea,721.0,5,760.62,1.31,CAD,0.015,1.352,DAP
SHP10047,1,Marseille,Savannah,USA,Sea,6588.6,14,1967.89,0.22,USD,0.02,1.374,DDP
SHP10047,2,Savannah,IL,USA,Truck,369.2,5,655.96,1.31,USD,0.02,1.374,FOB
SHP10048,1,Le Havre,Savannah,USA,Sea,6466.0,16,2296.37,1.03,USD,0.015,1.284,DDP
SHP10048,2,Savannah,Hub-East,USA,Truck,389.3,3,765.46,1.44,USD,0.015,1.284,DDP
SHP10048,3,Savannah,AZ,USA,Truck,228.2,5,765.46,1.39,USD,0.015,1.284,FOB
SHP10049,1,Marseille,New York,USA,Sea,6579.2,16,2646.48,0.52,CAD,0.025,1.271,DAP
SHP10049,2,New York,NY,USA,Rail,309.0,5,882.16,1.02,USD,0.025,1.271,DAP
SHP10050,1,Dunkerque,Halifax,Canada,Sea,6878.8,16,1409.17,,CAD,0.02,1.319,FOB
SHP10050,2,Halifax,Hub-East,Canada,Truck,317.6,5,469.72,0.68,USD,0.02,1.319,FOB
SHP10050,3,Halifax,NB,Canada,Rail,141.9,4,469.72,0.97,USD,0.02,1.319,DAP
SHP10051,1,Marseille,Montreal,Canada,Sea,6853.2,18,2083.07,0.78,USD,0.02,1.28,FOB
SHP10051,2,Montreal,AB,Canada,Truck,545.1,3,694.36,0.74,USD,0.02,1.28,DDP
SHP10052,1,Marseille,Savannah,USA,Sea,6598.5,15,1471.09,0.39,USD,0.025,1.42,DAP
SHP10052,2,Savannah,Hub-West,USA,Sea,225.2,2,490.36,1.16,CAD,0.025,1.42,FOB
SHP10052,3,Savannah,MA,USA,Rail,339.9,5,490.36,0.56,CAD,0.025,1.42,FOB
SHP10053,1,Marseille,Savannah,USA,Sea,6001.6,13,2046.3,1.12,USD,0.015,1.338,FOB
SHP10053,2,Savannah,MA,USA,Truck,750.0,3,682.1,1.34,USD,0.015,1.338,DDP
SHP10054,1,Le Havre,New York,USA,Sea,6295.2,16,1843.47,0.96,CAD,0.02,1.361,FOB
SHP10054,2,New York,Hub-East,USA,Truck,425.8,1,614.49,0.71,USD,0.02,1.361,CIF
SHP10054,3,New York,MA,USA,Rail,662.8,3,614.49,1.2,USD,0.02,1.361,FOB
SHP10055,1,Dunkerque,Savannah,USA,Sea,6222.7,16,1380.62,1.21,CAD,0.025,1.434,CIF
SHP10055,2,Savannah,Hub-West,USA,Truck,752.7,5,460.21,0.85,USD,0.025,1.434,DDP
SHP10055,3,Savannah,NJ,USA,Rail,197.0,1,460.21,0.71,USD,0.025,1.434,CIF
SHP10056,1,Dunkerque,Halifax,Canada,Sea,6357.7,13,738.67,1.47,USD,0.0,1.343,FOB
SHP10056,2,Halifax,NS,Canada,Rail,753.5,6,246.22,0.72,USD,0.0,1.343,DDP
SHP10057,1,Marseille,New York,USA,Sea,6861.6,17,1984.71,0.51,USD,0.02,1.379,DAP
SHP10057,2,New York,CA,USA,Truck,719.1,6,661.57,1.03,USD,0.02,1.379,CIF
SHP10058,1,Marseille,Los Angeles,USA,Sea,6752.2,17,1832.95,0.36,USD,0.0,1.209,DDP
SHP10058,2,Los Angeles,Hub-West,USA,Truck,779.7,3,610.98,0.64,CAD,0.0,1.209,CIF
SHP10058,3,Los Angeles,TX,USA,Truck,443.7,3,610.98,0.21,USD,0.0,1.209,DDP
SHP10059,1,Marseille,Los Angeles,USA,Sea,6148.0,14,1946.08,0.85,USD,0.02,1.389,FOB
SHP10059,2,Los Angeles,Hub-East,USA,Sea,197.9,3,648.69,0.79,CAD,0.02,1.389,DAP
SHP10059,3,Los Angeles,OR,USA,Truck,434.7,5,648.69,0.62,USD,0.02,1.389,CIF
SHP10060,1,Dunkerque,Los Angeles,USA,Sea,6863.0,16,2395.6,0.45,USD,0.02,1.353,CIF
SHP10060,2,Los Angeles,Hub-West,USA,Sea,343.0,2,798.53,0.3,USD,0.02,1.353,FOB
SHP10060,3,Los Angeles,OH,USA,Truck,372.5,5,798.53,1.36,USD,0.02,1.353,DDP
SHP10061,1,Le Havre,Halifax,Canada,Sea,6065.8,17,1516.75,0.55,USD,0.025,1.243,CIF
SHP10061,2,Halifax,NB,Canada,Truck,495.9,4,505.58,0.41,USD,0.025,1.243,DDP
SHP10062,1,Dunkerque,Savannah,USA,Sea,6434.2,13,1529.14,0.57,USD,0.02,1.292,CIF
SHP10062,2,Savannah,Hub-East,USA,Truck,264.2,4,509.71,0.56,CAD,0.02,1.292,CIF
SHP10062,3,Savannah,NY,USA,Truck,525.1,4,509.71,0.59,USD,0.02,1.292,DDP
SHP10063,1,Le Havre,New York,USA,Sea,6898.7,17,2617.26,1.47,USD,0.0,1.317,DAP
SHP10063,2,New York,Hub-West,USA,Truck,794.6,6,872.42,0.89,USD,0.0,1.317,FOB
SHP10063,3,New York,MI,USA,Rail,643.8,2,872.42,0.59,USD,0.0,1.317,CIF
SHP10064,1,Le Havre,Halifax,Canada,Sea,6979.1,15,2578.62,1.09,USD,0.0,1.334,DAP
SHP10064,2,Halifax,Hub-West,Canada,Truck,112.1,5,859.54,,USD,0.0,1.334,CIF
SHP10064,3,Halifax,NS,Canada,Truck,522.4,2,859.54,0.42,USD,0.0,1.334,FOB
SHP10065,1,Dunkerque,Los Angeles,USA,Sea,6503.8,16,1210.95,0.66,CAD,0.02,1.351,CIF
SHP10065,2,Los Angeles,TX,USA,Truck,566.3,4,403.65,0.75,USD,0.02,1.351,DDP
SHP10066,1,Le Havre,Savannah,USA,Sea,6992.4,18,2042.67,1.4,USD,0.015,1.318,DAP
SHP10066,2,Savannah,NJ,USA,Truck,318.2,2,680.89,0.97,USD,0.015,1.318,DAP
SHP10067,1,Le Havre,Halifax,Canada,Sea,6546.0,16,1013.08,0.99,USD,0.02,1.35,DDP
SHP10067,2,Halifax,Hub-East,Canada,Truck,524.5,2,337.69,,USD,0.02,1.35,FOB
SHP10067,3,Halifax,SK,Canada,Sea,101.5,1,337.69,0.38,CAD,0.02,1.35,DDP
SHP10068,1,Dunkerque,Savannah,USA,Sea,6719.4,16,2573.99,1.04,USD,0.015,1.344,FOB
SHP10068,2,Savannah,MD,USA,Rail,638.3,5,858.0,0.61,USD,0.015,1.344,FOB
SHP10069,1,Dunkerque,Halifax,Canada,Sea,6981.4,15,2587.66,1.34,USD,0.025,1.328,CIF
SHP10069,2,Halifax,Hub-West,Canada,Truck,707.8,3,862.55,1.25,USD,0.025,1.328,FOB
SHP10069,3,Halifax,NB,Canada,Sea,437.3,3,862.55,0.28,USD,0.025,1.328,DAP
SHP10070,1,Dunkerque,Savannah,USA,Sea,6621.1,16,1518.55,0.72,CAD,0.025,1.327,DDP
SHP10070,2,Savannah,CO,USA,Truck,690.6,6,506.18,0.69,USD,0.025,1.327,DDP
SHP10071,1,Dunkerque,Vancouver,Canada,Sea,6311.4,17,1374.05,0.4,CAD,0.02,1.251,FOB
SHP10071,2,Vancouver,Hub-West,Canada,Rail,190.6,4,458.02,0.86,USD,0.02,1.251,CIF
SHP10071,3,Vancouver,BC,Canada,Truck,725.1,5,458.02,0.73,USD,0.02,1.251,DDP
SHP10072,1,Dunkerque,Vancouver,Canada,Sea,6014.4,17,1923.82,0.64,USD,0.02,1.319,DAP
SHP10072,2,Vancouver,Hub-West,Canada,Air,772.6,6,641.27,0.53,USD,0.02,1.319,DAP
SHP10072,3,Vancouver,PE,Canada,Truck,296.5,3,641.27,1.12,USD,0.02,1.319,DAP
SHP10073,1,Dunkerque,Vancouver,Canada,Sea,6062.9,15,1990.67,1.15,USD,0.025,1.388,DDP
SHP10073,2,Vancouver,SK,Canada,Rail,248.5,2,663.56,1.04,CAD,0.025,1.388,DAP
SHP10074,1,Marseille,Montreal,Canada,Sea,6072.2,14,1098.72,1.01,CAD,0.015,1.302,DAP
SHP10074,2,Montreal,SK,Canada,Truck,777.4,5,366.24,0.63,USD,0.015,1.302,DDP
SHP10075,1,Marseille,Los Angeles,USA,Sea,6092.5,14,2156.26,0.43,USD,0.0,1.338,FOB
SHP10075,2,Los Angeles,IL,USA,Sea,182.0,3,718.75,0.28,USD,0.0,1.338,DDP
SHP10076,1,Le Havre,New York,USA,Sea,6899.9,17,799.38,0.37,USD,0.0,1.322,DAP
SHP10076,2,New York,Hub-West,USA,Sea,136.1,4,266.46,1.42,USD,0.0,1.322,DDP
SHP10076,3,New York,AZ,USA,Truck,418.0,2,266.46,,USD,0.0,1.322,FOB
SHP10077,1,Le Havre,Savannah,USA,Sea,6429.1,16,1797.49,0.72,USD,0.0,1.239,DDP
SHP10077,2,Savannah,Hub-West,USA,Truck,662.7,5,599.16,0.35,USD,0.0,1.239,DDP
SHP10077,3,Savannah,MA,USA,Truck,470.4,2,599.16,0.9,CAD,0.0,1.239,CIF
SHP10078,1,Le Havre,Vancouver,Canada,Sea,6700.8,18,2639.73,1.2,USD,0.02,1.331,FOB
SHP10078,2,Vancouver,BC,Canada,Air,743.3,5,879.91,0.61,USD,0.02,1.331,FOB
SHP10079,1,Le Havre,Los Angeles,USA,Sea,6193.8,14,1846.16,0.97,USD,0.015,1.302,DDP
SHP10079,2,Los Angeles,Hub-West,USA,Truck,609.5,2,615.39,1.2,USD,0.015,1.302,FOB
SHP10079,3,Los Angeles,NC,USA,Rail,171.9,2,615.39,0.77,USD,0.015,1.302,DAP
SHP10080,1,Marseille,Savannah,USA,Sea,6915.6,15,2056.14,0.7,USD,0.015,1.256,DAP
SHP10080,2,Savannah,Hub-West,USA,Sea,100.8,4,685.38,1.29,USD,0.015,1.256,FOB
SHP10080,3,Savannah,OR,USA,Air,209.9,4,685.38,0.27,USD,0.015,1.256,DAP
SHP10081,1,Le Havre,Vancouver,Canada,Sea,6604.6,14,2513.91,0.72,USD,0.02,1.333,DAP
SHP10081,2,Vancouver,ON,Canada,Truck,110.2,3,837.97,1.3,CAD,0.02,1.333,FOB
SHP10082,1,Le Havre,New York,USA,Sea,6614.5,18,1339.07,1.27,USD,0.02,1.419,FOB
SHP10082,2,New York,NC,USA,Truck,795.9,5,446.36,0.43,USD,0.02,1.419,DAP
SHP10083,1,Dunkerque,Savannah,USA,Sea,6241.0,14,1982.61,1.0,USD,0.02,1.342,DAP
SHP10083,2,Savannah,Hub-West,USA,Truck,691.5,2,660.87,0.81,CAD,0.02,1.342,DAP
SHP10083,3,Savannah,WA,USA,Rail,417.6,1,660.87,0.38,USD,0.02,1.342,DAP
SHP10084,1,Le Havre,Savannah,USA,Sea,6245.3,13,2495.56,1.18,USD,0.015,1.357,DAP
SHP10084,2,Savannah,Hub-West,USA,Air,286.8,2,831.85,0.25,USD,0.015,1.357,FOB
SHP10084,3,Savannah,CO,USA,Rail,405.9,1,831.85,0.65,USD,0.015,1.357,CIF
SHP10085,1,Le Havre,New York,USA,Sea,6688.5,16,1916.71,,USD,0.02,1.216,CIF
SHP10085,2,New York,PA,USA,Truck,414.1,4,638.9,0.52,CAD,0.02,1.216,DDP
SHP10086,1,Dunkerque,New York,USA,Sea,6344.9,16,973.11,1.24,USD,0.02,1.269,DAP
SHP10086,2,New York,Hub-West,USA,Truck,574.2,2,324.37,0.77,USD,0.02,1.269,DAP
SHP10086,3,New York,CT,USA,Sea,566.0,6,324.37,0.45,USD,0.02,1.269,FOB
SHP10087,1,Dunkerque,Montreal,Canada,Sea,6975.3,18,2633.38,1.21,USD,0.02,1.323,DDP
SHP10087,2,Montreal,PE,Canada,Sea,262.3,2,877.79,0.7,USD,0.02,1.323,DAP
SHP10088,1,Marseille,Savannah,USA,Sea,6776.1,17,1557.61,0.49,USD,0.02,1.362,FOB
SHP10088,2,Savannah,Hub-West,USA,Truck,260.8,5,519.2,0.43,USD,0.02,1.362,DAP
SHP10088,3,Savannah,MA,USA,Air,684.2,3,519.2,0.34,USD,0.02,1.362,DAP
SHP10089,1,Le Havre,Halifax,Canada,Sea,6928.3,16,842.04,0.69,USD,0.02,1.319,FOB
SHP10089,2,Halifax,Hub-West,Canada,Truck,290.0,2,280.68,1.25,CAD,0.02,1.319,CIF
SHP10089,3,Halifax,NL,Canada,Truck,388.8,3,280.68,0.85,CAD,0.02,1.319,CIF
SHP10090,1,Le Havre,New York,USA,Sea,6332.5,13,834.54,0.76,USD,0.0,1.366,DDP
SHP10090,2,New York,Hub-West,USA,Rail,299.2,3,278.18,0.2,USD,0.0,1.366,DDP
SHP10090,3,New York,OH,USA,Truck,184.1,5,278.18,1.0,USD,0.0,1.366,CIF
SHP10091,1,Marseille,Montreal,Canada,Sea,6152.1,13,883.48,0.85,USD,0.02,1.305,DDP
SHP10091,2,Montreal,Hub-East,Canada,Air,120.2,5,294.49,0.73,CAD,0.02,1.305,DAP
SHP10091,3,Montreal,ON,Canada,Rail,137.5,4,294.49,,USD,0.02,1.305,CIF
SHP10092,1,Dunkerque,Los Angeles,USA,Sea,6854.6,16,1941.43,1.25,CAD,0.02,1.354,DAP
SHP10092,2,Los Angeles,GA,USA,Rail,593.3,6,647.14,1.04,USD,0.02,1.354,DDP
SHP10093,1,Dunkerque,Los Angeles,USA,Sea,6399.9,14,1757.7,1.37,USD,0.015,1.371,CIF
SHP10093,2,Los Angeles,Hub-West,USA,Truck,744.5,3,585.9,0.75,CAD,0.015,1.371,FOB
SHP10093,3,Los Angeles,VA,USA,Truck,412.7,2,585.9,1.05,USD,0.015,1.371,CIF
SHP10094,1,Le Havre,Montreal,Canada,Sea,6040.1,14,1829.99,0.61,USD,0.0,1.246,DAP
SHP10094,2,Montreal,NB,Canada,Sea,139.3,3,610.0,0.25,USD,0.0,1.246,DAP
SHP10095,1,Le Havre,New York,USA,Sea,6636.2,17,1144.33,1.35,USD,0.015,1.355,DDP
SHP10095,2,New York,Hub-West,USA,Truck,510.3,4,381.44,0.52,CAD,0.015,1.355,DAP
SHP10095,3,New York,OR,USA,Truck,523.3,2,381.44,1.06,USD,0.015,1.355,FOB
SHP10096,1,Dunkerque,Los Angeles,USA,Sea,6090.0,17,2116.64,0.56,USD,0.02,1.274,CIF
SHP10096,2,Los Angeles,Hub-West,USA,Rail,637.7,4,705.55,0.57,USD,0.02,1.274,DAP
SHP10096,3,Los Angeles,MN,USA,Rail,497.3,5,705.55,0.66,CAD,0.02,1.274,FOB
SHP10097,1,Le Havre,Vancouver,Canada,Sea,6030.8,13,1705.2,0.74,USD,0.0,1.316,FOB
SHP10097,2,Vancouver,NS,Canada,Truck,340.9,3,568.4,1.25,CAD,0.0,1.316,DDP
SHP10098,1,Dunkerque,Vancouver,Canada,Sea,6760.2,17,1081.36,0.87,USD,0.025,1.252,FOB
SHP10098,2,Vancouver,Hub-West,Canada,Truck,109.6,5,360.45,0.89,USD,0.025,1.252,FOB
SHP10098,3,Vancouver,BC,Canada,Truck,642.9,4,360.45,1.37,CAD,0.025,1.252,DAP
SHP10099,1,Marseille,Los Angeles,USA,Sea,6654.2,16,1389.54,0.2,USD,0.0,1.389,DDP
SHP10099,2,Los Angeles,NC,USA,Truck,260.7,1,463.18,1.18,CAD,0.0,1.389,CIF
SHP10100,1,Le Havre,Halifax,Canada,Sea,6860.9,15,822.96,0.68,CAD,0.0,1.341,FOB
SHP10100,2,Halifax,MB,Canada,Sea,692.3,6,274.32,0.58,USD,0.0,1.341,DDP
SHP10101,1,Le Havre,Los Angeles,USA,Sea,6993.1,16,1482.42,0.52,USD,0.015,1.365,DAP
SHP10101,2,Los Angeles,NJ,USA,Truck,456.6,1,494.14,0.26,USD,0.015,1.365,DAP
SHP10102,1,Dunkerque,Montreal,Canada,Sea,6568.5,18,1235.71,0.85,CAD,0.02,1.354,CIF
SHP10102,2,Montreal,Hub-East,Canada,Truck,759.6,5,411.9,0.37,USD,0.02,1.354,CIF
SHP10102,3,Montreal,QC,Canada,Truck,121.8,1,411.9,0.26,USD,0.02,1.354,FOB
SHP10103,1,Marseille,Los Angeles,USA,Sea,6942.9,14,2210.46,1.27,CAD,0.02,1.258,DDP
SHP10103,2,Los Angeles,Hub-West,USA,Truck,307.3,2,736.82,0.74,CAD,0.02,1.258,FOB
SHP10103,3,Los Angeles,AZ,USA,Rail,432.9,4,736.82,1.27,CAD,0.02,1.258,CIF
SHP10104,1,Dunkerque,Savannah,USA,Sea,6660.3,16,1168.56,0.95,USD,0.015,1.262,FOB
SHP10104,2,Savannah,Hub-East,USA,Truck,739.2,4,389.52,0.91,USD,0.015,1.262,DAP
SHP10104,3,Savannah,IL,USA,Rail,585.6,6,389.52,0.79,CAD,0.015,1.262,CIF
SHP10105,1,Le Havre,Los Angeles,USA,Sea,6213.2,14,2650.98,0.93,USD,0.02,1.309,FOB
SHP10105,2,Los Angeles,CT,USA,Truck,633.1,3,883.66,1.18,USD,0.02,1.309,DDP
SHP10106,1,Le Havre,Montreal,Canada,Sea,6941.4,14,2537.23,0.66,CAD,0.015,1.356,CIF
SHP10106,2,Montreal,Hub-East,Canada,Truck,666.9,4,845.74,0.81,USD,0.015,1.356,FOB
SHP10106,3,Montreal,BC,Canada,Truck,303.4,5,845.74,1.29,USD,0.015,1.356,CIF
SHP10107,1,Dunkerque,Vancouver,Canada,Sea,6590.9,16,852.3,0.38,CAD,0.02,1.398,DAP
SHP10107,2,Vancouver,Hub-East,Canada,Truck,714.4,6,284.1,,USD,0.02,1.398,DAP
SHP10107,3,Vancouver,ON,Canada,Rail,307.7,1,284.1,0.37,USD,0.02,1.398,DAP
SHP10108,1,Dunkerque,Savannah,USA,Sea,6539.3,17,1605.02,1.4,USD,0.025,1.33,DAP
SHP10108,2,Savannah,NC,USA,Truck,595.4,2,535.01,1.35,USD,0.025,1.33,FOB
SHP10109,1,Le Havre,New York,USA,Sea,6243.5,13,759.43,1.13,USD,0.0,1.29,DDP
SHP10109,2,New York,NJ,USA,Truck,356.2,3,253.14,1.07,USD,0.0,1.29,DDP
SHP10110,1,Dunkerque,Los Angeles,USA,Sea,6968.2,14,1469.98,0.46,USD,0.025,1.347,DDP
SHP10110,2,Los Angeles,OH,USA,Truck,793.5,6,489.99,1.09,USD,0.025,1.347,DDP
SHP10111,1,Le Havre,Los Angeles,USA,Sea,6708.1,16,842.43,1.1,CAD,0.025,1.236,DDP
SHP10111,2,Los Angeles,MN,USA,Truck,478.0,2,280.81,0.24,CAD,0.025,1.236,DAP
SHP10112,1,Le Havre,New York,USA,Sea,6758.4,18,1627.57,0.9,USD,0.0,1.372,DAP
SHP10112,2,New York,Hub-West,USA,Rail,424.6,3,542.52,1.47,CAD,0.0,1.372,DDP
SHP10112,3,New York,OH,USA,Truck,321.9,4,542.52,1.44,CAD,0.0,1.372,FOB
SHP10113,1,Le Havre,Los Angeles,USA,Sea,6105.2,17,1362.71,0.25,USD,0.015,1.282,DDP
SHP10113,2,Los Angeles,Hub-West,USA,Rail,552.5,6,454.24,0.68,USD,0.015,1.282,DDP
SHP10113,3,Los Angeles,OR,USA,Rail,553.8,3,454.24,0.7,USD,0.015,1.282,DDP
SHP10114,1,Marseille,Savannah,USA,Sea,6485.7,13,2565.56,0.6,USD,0.0,1.274,FOB
SHP10114,2,Savannah,Hub-East,USA,Rail,209.4,2,855.19,1.26,USD,0.0,1.274,DDP
SHP10114,3,Savannah,CO,USA,Truck,552.1,2,855.19,0.83,CAD,0.0,1.274,CIF
SHP10115,1,Dunkerque,Vancouver,Canada,Sea,6116.1,16,1723.31,0.83,USD,0.02,1.246,CIF
SHP10115,2,Vancouver,Hub-East,Canada,Truck,137.4,2,574.44,0.48,USD,0.02,1.246,DAP
SHP10115,3,Vancouver,NL,Canada,Truck,307.2,2,574.44,1.16,USD,0.02,1.246,DAP
SHP10116,1,Le Havre,Los Angeles,USA,Sea,6513.1,15,856.09,1.21,USD,0.025,1.216,FOB
SHP10116,2,Los Angeles,Hub-West,USA,Air,138.8,2,285.36,0.72,USD,0.025,1.216,DAP
SHP10116,3,Los Angeles,FL,USA,Truck,793.4,5,285.36,1.37,CAD,0.025,1.216,FOB
SHP10117,1,Le Havre,Savannah,USA,Sea,6562.1,17,1670.03,0.79,CAD,0.0,1.41,DDP
SHP10117,2,Savannah,FL,USA,Truck,236.3,4,556.68,0.45,USD,0.0,1.41,CIF
SHP10118,1,Le Havre,Vancouver,Canada,Sea,6797.7,18,2371.28,0.75,USD,0.02,1.26,FOB
SHP10118,2,Vancouver,BC,Canada,Sea,725.2,3,790.43,0.29,CAD,0.02,1.26,DAP
SHP10119,1,Dunkerque,Los Angeles,USA,Sea,6958.3,16,2662.74,1.42,USD,0.015,1.286,DDP
SHP10119,2,Los Angeles,NJ,USA,Truck,604.5,5,887.58,1.47,CAD,0.015,1.286,CIF
SHP10120,1,Marseille,New York,USA,Sea,6049.9,13,741.67,0.43,USD,0.025,1.292,DAP
SHP10120,2,New York,MN,USA,Truck,623.4,6,247.22,0.62,USD,0.025,1.292,CIF
SHP10121,1,Dunkerque,Savannah,USA,Sea,6159.4,16,2222.98,0.75,USD,0.015,1.269,FOB
SHP10121,2,Savannah,Hub-East,USA,Air,634.1,3,740.99,1.06,USD,0.015,1.269,FOB
SHP10121,3,Savannah,WA,USA,Sea,607.4,2,740.99,1.3,USD,0.015,1.269,FOB
SHP10122,1,Dunkerque,Vancouver,Canada,Sea,6219.7,13,2354.56,0.99,USD,0.015,1.383,DDP
SHP10122,2,Vancouver,Hub-East,Canada,Truck,216.4,1,784.85,1.05,CAD,0.015,1.383,FOB
SHP10122,3,Vancouver,SK,Canada,Sea,206.4,4,784.85,0.54,CAD,0.015,1.383,FOB
SHP10123,1,Marseille,Los Angeles,USA,Sea,6482.9,17,1544.04,1.16,USD,0.02,1.33,DDP
SHP10123,2,Los Angeles,IL,USA,Truck,498.6,3,514.68,0.5,USD,0.02,1.33,FOB
SHP10124,1,Le Havre,Savannah,USA,Sea,6106.6,14,1237.23,1.16,USD,0.0,1.304,CIF
SHP10124,2,Savannah,Hub-East,USA,Air,761.7,5,412.41,0.82,USD,0.0,1.304,CIF
SHP10124,3,Savannah,OR,USA,Air,697.9,3,412.41,,USD,0.0,1.304,FOB
SHP10125,1,Le Havre,Savannah,USA,Sea,6890.7,17,2605.61,0.5,CAD,0.02,1.309,CIF
SHP10125,2,Savannah,Hub-West,USA,Sea,421.1,3,868.54,1.2,USD,0.02,1.309,CIF
SHP10125,3,Savannah,VA,USA,Air,353.9,1,868.54,0.56,USD,0.02,1.309,DDP
SHP10126,1,Le Havre,New York,USA,Sea,6031.3,16,2451.11,1.36,USD,0.0,1.316,DAP
SHP10126,2,New York,Hub-East,USA,Rail,121.2,3,817.04,0.4,CAD,0.0,1.316,DAP
SHP10126,3,New York,IL,USA,Truck,510.8,2,817.04,1.05,USD,0.0,1.316,DDP
SHP10127,1,Marseille,Savannah,USA,Sea,6459.3,17,2232.67,0.79,USD,0.02,1.351,CIF
SHP10127,2,Savannah,IL,USA,Truck,579.2,3,744.22,0.45,CAD,0.02,1.351,FOB
SHP10128,1,Dunkerque,Vancouver,Canada,Sea,6085.5,16,1122.02,0.83,USD,0.025,1.258,DAP
SHP10128,2,Vancouver,NL,Canada,Sea,534.8,5,374.01,0.78,CAD,0.025,1.258,DDP
SHP10129,1,Marseille,Los Angeles,USA,Sea,6585.6,15,2439.62,0.82,CAD,0.02,1.416,DDP
SHP10129,2,Los Angeles,TX,USA,Truck,168.6,2,813.21,0.78,USD,0.02,1.416,DDP
SHP10130,1,Dunkerque,New York,USA,Sea,6138.5,16,2686.9,0.62,CAD,0.02,1.257,DAP
SHP10130,2,New York,CO,USA,Truck,133.1,4,895.63,1.06,USD,0.02,1.257,CIF
SHP10131,1,Marseille,New York,USA,Sea,6777.1,18,2032.24,1.47,CAD,0.015,1.274,CIF
SHP10131,2,New York,Hub-West,USA,Truck,765.6,3,677.41,1.01,USD,0.015,1.274,DDP
SHP10131,3,New York,TX,USA,Rail,194.9,3,677.41,1.04,CAD,0.015,1.274,FOB
SHP10132,1,Dunkerque,New York,USA,Sea,6609.2,15,1528.22,0.9,USD,0.02,1.393,DAP
SHP10132,2,New York,OH,USA,Truck,682.3,4,509.41,1.47,USD,0.02,1.393,FOB
SHP10133,1,Dunkerque,New York,USA,Sea,6371.6,14,971.11,0.86,USD,0.02,1.257,DDP
SHP10133,2,New York,TX,USA,Truck,744.2,5,323.7,1.44,USD,0.02,1.257,CIF
SHP10134,1,Le Havre,Savannah,USA,Sea,6914.8,17,1278.03,0.63,USD,0.02,1.326,DDP
SHP10134,2,Savannah,TX,USA,Truck,726.9,4,426.01,0.67,CAD,0.02,1.326,DDP
SHP10135,1,Le Havre,Los Angeles,USA,Sea,6228.6,15,2263.45,1.11,CAD,0.015,1.39,CIF
SHP10135,2,Los Angeles,MN,USA,Sea,454.0,5,754.48,1.04,USD,0.015,1.39,DDP
SHP10136,1,Le Havre,Los Angeles,USA,Sea,6796.2,15,1443.23,1.13,USD,0.015,1.335,DAP
SHP10136,2,Los Angeles,Hub-East,USA,Truck,487.1,5,481.08,1.33,USD,0.015,1.335,CIF
SHP10136,3,Los Angeles,MD,USA,Truck,416.9,5,481.08,0.41,USD,0.015,1.335,DAP
SHP10137,1,Le Havre,Halifax,Canada,Sea,6439.3,13,1498.4,0.89,USD,0.0,1.323,FOB
SHP10137,2,Halifax,Hub-West,Canada,Rail,673.2,2,499.47,0.46,CAD,0.0,1.323,DDP
SHP10137,3,Halifax,PE,Canada,Rail,317.8,3,499.47,0.25,USD,0.0,1.323,DDP
SHP10138,1,Marseille,New York,USA,Sea,6486.3,13,1111.42,0.43,USD,0.02,1.289,FOB
SHP10138,2,New York,Hub-East,USA,Rail,581.8,4,370.47,1.13,USD,0.02,1.289,DDP
SHP10138,3,New York,OR,USA,Truck,771.7,5,370.47,0.27,USD,0.02,1.289,DAP
SHP10139,1,Le Havre,Halifax,Canada,Sea,6375.6,17,1671.12,,USD,0.02,1.275,FOB
SHP10139,2,Halifax,MB,Canada,Rail,532.0,6,557.04,1.1,USD,0.02,1.275,DDP
SHP10140,1,Marseille,Montreal,Canada,Sea,6459.6,16,1611.28,0.52,USD,0.02,1.325,DDP
SHP10140,2,Montreal,Hub-West,Canada,Air,363.2,1,537.09,0.3,CAD,0.02,1.325,DDP
SHP10140,3,Montreal,SK,Canada,Rail,688.6,4,537.09,1.31,USD,0.02,1.325,DAP
SHP10141,1,Dunkerque,Los Angeles,USA,Sea,6695.7,16,2420.69,1.36,CAD,0.015,1.387,DAP
SHP10141,2,Los Angeles,Hub-East,USA,Truck,639.3,4,806.9,,USD,0.015,1.387,FOB
SHP10141,3,Los Angeles,MA,USA,Rail,658.2,6,806.9,1.35,USD,0.015,1.387,CIF
SHP10142,1,Dunkerque,New York,USA,Sea,6016.3,15,2539.27,1.09,CAD,0.0,1.346,DAP
SHP10142,2,New York,MI,USA,Rail,404.0,5,846.42,1.06,CAD,0.0,1.346,FOB
SHP10143,1,Le Havre,New York,USA,Sea,6401.2,15,2300.97,0.99,USD,0.0,1.367,DAP
SHP10143,2,New York,Hub-West,USA,Rail,209.5,5,766.99,0.31,USD,0.0,1.367,DDP
SHP10143,3,New York,GA,USA,Truck,234.9,1,766.99,0.92,USD,0.0,1.367,DAP
SHP10144,1,Marseille,Montreal,Canada,Sea,6149.0,15,730.1,0.88,USD,0.025,1.31,DAP
SHP10144,2,Montreal,MB,Canada,Truck,128.5,1,243.37,1.26,USD,0.025,1.31,DDP
SHP10145,1,Le Havre,New York,USA,Sea,6715.8,15,1751.93,0.46,CAD,0.02,1.481,DDP
SHP10145,2,New York,CA,USA,Truck,442.8,4,583.98,0.66,USD,0.02,1.481,DDP
SHP10146,1,Dunkerque,Los Angeles,USA,Sea,6372.9,17,890.26,0.67,USD,0.015,1.374,CIF
SHP10146,2,Los Angeles,CO,USA,Truck,225.5,4,296.75,0.92,CAD,0.015,1.374,FOB
SHP10147,1,Dunkerque,Savannah,USA,Sea,6325.4,14,2327.37,0.2,USD,0.0,1.361,FOB
SHP10147,2,Savannah,VA,USA,Rail,291.0,1,775.79,0.98,USD,0.0,1.361,CIF
SHP10148,1,Marseille,Vancouver,Canada,Sea,6566.7,17,2683.33,1.43,USD,0.015,1.406,DDP
SHP10148,2,Vancouver,ON,Canada,Rail,372.5,2,894.44,0.28,USD,0.015,1.406,DAP
SHP10149,1,Marseille,Los Angeles,USA,Sea,6402.0,15,1328.05,1.45,CAD,0.0,1.267,CIF
SHP10149,2,Los Angeles,Hub-West,USA,Rail,482.5,5,442.68,1.08,USD,0.0,1.267,FOB
SHP10149,3,Los Angeles,MN,USA,Truck,746.2,2,442.68,0.2,CAD,0.0,1.267,DDP
SHP10150,1,Marseille,Savannah,USA,Sea,6742.1,16,1377.05,0.43,USD,0.0,1.384,CIF
SHP10150,2,Savannah,Hub-East,USA,Truck,772.2,3,459.02,0.72,USD,0.0,1.384,DDP
SHP10150,3,Savannah,NY,USA,Truck,411.5,5,459.02,0.63,USD,0.0,1.384,DDP
SHP10151,1,Le Havre,Savannah,USA,Sea,6895.2,18,2248.35,0.43,USD,0.015,1.259,DAP
SHP10151,2,Savannah,Hub-East,USA,Truck,458.8,3,749.45,1.33,USD,0.015,1.259,FOB
SHP10151,3,Savannah,MN,USA,Truck,562.0,5,749.45,0.9,USD,0.015,1.259,DDP
SHP10152,1,Dunkerque,Los Angeles,USA,Sea,6538.6,17,1389.94,0.3,USD,0.025,1.361,DAP
SHP10152,2,Los Angeles,Hub-West,USA,Rail,513.0,2,463.31,0.83,CAD,0.025,1.361,CIF
SHP10152,3,Los Angeles,WA,USA,Rail,223.8,4,463.31,0.3,USD,0.025,1.361,DAP
SHP10153,1,Dunkerque,Savannah,USA,Sea,6473.2,16,1167.69,0.67,USD,0.02,1.346,CIF
SHP10153,2,Savannah,CO,USA,Sea,146.4,2,389.23,1.06,USD,0.02,1.346,DDP
SHP10154,1,Le Havre,Los Angeles,USA,Sea,6264.9,17,2572.19,1.37,USD,0.02,1.359,DAP
SHP10154,2,Los Angeles,PA,USA,Rail,164.5,4,857.4,0.42,USD,0.02,1.359,DDP
SHP10155,1,Marseille,Montreal,Canada,Sea,6079.2,17,1098.7,0.5,USD,0.0,1.354,FOB
SHP10155,2,Montreal,Hub-West,Canada,Air,360.7,1,366.23,0.35,USD,0.0,1.354,CIF
SHP10155,3,Montreal,ON,Canada,Truck,432.5,1,366.23,0.92,USD,0.0,1.354,DDP
SHP10156,1,Le Havre,New York,USA,Sea,6619.8,17,2658.62,1.0,USD,0.025,1.252,DAP
SHP10156,2,New York,Hub-West,USA,Truck,616.4,3,886.21,0.73,USD,0.025,1.252,DAP
SHP10156,3,New York,GA,USA,Truck,793.3,6,886.21,1.13,USD,0.025,1.252,CIF
SHP10157,1,Le Havre,New York,USA,Sea,6600.7,16,1538.26,0.69,USD,0.015,1.364,DDP
SHP10157,2,New York,Hub-East,USA,Truck,422.4,5,512.75,0.71,CAD,0.015,1.364,CIF
SHP10157,3,New York,OH,USA,Truck,178.6,5,512.75,1.12,USD,0.015,1.364,DDP
SHP10158,1,Le Havre,Vancouver,Canada,Sea,6937.9,17,898.5,0.66,USD,0.015,1.338,DAP
SHP10158,2,Vancouver,AB,Canada,Truck,382.0,2,299.5,1.32,USD,0.015,1.338,DDP
SHP10159,1,Dunkerque,New York,USA,Sea,6266.3,17,1844.62,0.94,CAD,0.02,1.3,DAP
SHP10159,2,New York,OH,USA,Truck,119.6,1,614.87,1.31,USD,0.02,1.3,FOB
SHP10160,1,Dunkerque,Savannah,USA,Sea,6130.8,13,2007.72,0.71,USD,0.0,1.284,DAP
SHP10160,2,Savannah,MI,USA,Truck,263.7,5,669.24,1.39,USD,0.0,1.284,DDP
SHP10161,1,Dunkerque,Los Angeles,USA,Sea,6897.1,17,1691.61,0.2,USD,0.02,1.382,CIF
SHP10161,2,Los Angeles,Hub-West,USA,Rail,415.3,2,563.87,1.41,USD,0.02,1.382,DDP
SHP10161,3,Los Angeles,MN,USA,Truck,140.4,1,563.87,1.28,USD,0.02,1.382,FOB
SHP10162,1,Le Havre,New York,USA,Sea,6413.1,13,1247.83,0.76,USD,0.02,1.305,DAP
SHP10162,2,New York,Hub-West,USA,Rail,120.2,2,415.94,1.29,USD,0.02,1.305,FOB
SHP10162,3,New York,PA,USA,Truck,194.9,4,415.94,1.45,USD,0.02,1.305,DAP
SHP10163,1,Dunkerque,Savannah,USA,Sea,6888.1,18,2632.03,1.17,USD,0.025,1.286,DAP
SHP10163,2,Savannah,NJ,USA,Rail,273.1,4,877.34,0.44,USD,0.025,1.286,CIF
SHP10164,1,Le Havre,New York,USA,Sea,6099.3,13,1705.87,1.34,CAD,0.015,1.381,DAP
SHP10164,2,New York,OH,USA,Rail,752.5,5,568.62,0.7,USD,0.015,1.381,CIF
SHP10165,1,Dunkerque,Los Angeles,USA,Sea,6849.7,16,2021.1,1.43,USD,0.015,1.308,CIF
SHP10165,2,Los Angeles,Hub-East,USA,Truck,487.2,1,673.7,0.45,CAD,0.015,1.308,CIF
SHP10165,3,Los Angeles,MI,USA,Air,689.4,4,673.7,0.51,CAD,0.015,1.308,FOB
SHP10166,1,Le Havre,Los Angeles,USA,Sea,6101.7,17,2235.4,0.62,USD,0.015,1.337,DDP
SHP10166,2,Los Angeles,MI,USA,Truck,143.5,2,745.13,0.72,CAD,0.015,1.337,FOB
SHP10167,1,Dunkerque,Vancouver,Canada,Sea,6045.7,15,1174.29,0.83,USD,0.025,1.34,CIF
SHP10167,2,Vancouver,NB,Canada,Truck,333.0,2,391.43,0.78,USD,0.025,1.34,DDP
SHP10168,1,Le Havre,Halifax,Canada,Sea,6931.2,16,1089.95,0.82,CAD,0.015,1.303,DDP
SHP10168,2,Halifax,NB,Canada,Sea,598.9,3,363.32,1.46,CAD,0.015,1.303,DAP
SHP10169,1,Marseille,New York,USA,Sea,6404.0,16,1120.17,1.29,USD,0.02,1.36,FOB
SHP10169,2,New York,Hub-East,USA,Truck,690.8,5,373.39,0.51,USD,0.02,1.36,CIF
SHP10169,3,New York,TX,USA,Truck,641.1,5,373.39,0.58,CAD,0.02,1.36,CIF
SHP10170,1,Dunkerque,Los Angeles,USA,Sea,6221.9,17,1635.84,0.88,USD,0.02,1.343,DDP
SHP10170,2,Los Angeles,Hub-East,USA,Truck,696.2,3,545.28,0.29,USD,0.02,1.343,DDP
SHP10170,3,Los Angeles,GA,USA,Truck,693.0,2,545.28,1.15,USD,0.02,1.343,DAP
SHP10171,1,Dunkerque,Vancouver,Canada,Sea,6428.1,14,1700.92,1.04,USD,0.0,1.388,DAP
SHP10171,2,Vancouver,Hub-East,Canada,Rail,469.6,3,566.97,1.47,USD,0.0,1.388,DDP
SHP10171,3,Vancouver,BC,Canada,Truck,227.6,5,566.97,0.8,USD,0.0,1.388,CIF
SHP10172,1,Le Havre,Savannah,USA,Sea,6678.1,18,1228.8,0.89,USD,0.025,1.375,DDP
SHP10172,2,Savannah,PA,USA,Rail,578.7,5,409.6,0.81,USD,0.025,1.375,CIF
SHP10173,1,Dunkerque,Montreal,Canada,Sea,6614.2,18,2132.79,0.52,USD,0.02,1.287,DDP
SHP10173,2,Montreal,SK,Canada,Truck,556.8,3,710.93,0.83,USD,0.02,1.287,DDP
SHP10174,1,Le Havre,Montreal,Canada,Sea,6732.2,18,2373.49,1.08,USD,0.015,1.299,CIF
SHP10174,2,Montreal,Hub-West,Canada,Truck,158.1,2,791.16,1.03,CAD,0.015,1.299,DDP
SHP10174,3,Montreal,NB,Canada,Rail,393.2,2,791.16,1.23,USD,0.015,1.299,DAP
SHP10175,1,Dunkerque,Montreal,Canada,Sea,6384.2,15,2058.87,0.64,USD,0.02,1.293,CIF
SHP10175,2,Montreal,ON,Canada,Air,773.9,6,686.29,0.76,USD,0.02,1.293,DAP
SHP10176,1,Le Havre,New York,USA,Sea,6191.6,13,1468.85,1.33,CAD,0.0,1.353,DAP
SHP10176,2,New York,Hub-West,USA,Rail,207.8,3,489.62,1.23,CAD,0.0,1.353,FOB
SHP10176,3,New York,MD,USA,Truck,106.1,1,489.62,1.42,CAD,0.0,1.353,FOB
SHP10177,1,Le Havre,New York,USA,Sea,6898.5,16,1005.84,0.47,CAD,0.02,1.367,FOB
SHP10177,2,New York,CA,USA,Truck,281.3,2,335.28,0.79,USD,0.02,1.367,CIF
SHP10178,1,Le Havre,Montreal,Canada,Sea,6846.3,15,1888.18,0.35,CAD,0.0,1.287,DAP
SHP10178,2,Montreal,MB,Canada,Sea,317.7,2,629.39,0.24,USD,0.0,1.287,DDP
SHP10179,1,Dunkerque,Los Angeles,USA,Sea,6159.4,13,1407.16,1.0,USD,0.015,1.346,DDP
SHP10179,2,Los Angeles,CT,USA,Sea,732.7,3,469.05,1.49,CAD,0.015,1.346,DDP
SHP10180,1,Dunkerque,Vancouver,Canada,Sea,6418.0,14,1525.99,0.48,USD,0.02,1.356,FOB
SHP10180,2,Vancouver,Hub-East,Canada,Rail,792.4,2,508.66,0.81,CAD,0.02,1.356,DDP
SHP10180,3,Vancouver,SK,Canada,Air,645.7,3,508.66,,USD,0.02,1.356,DDP
SHP10181,1,Marseille,Savannah,USA,Sea,6339.7,13,1619.67,0.23,CAD,0.02,1.358,FOB
SHP10181,2,Savannah,GA,USA,Truck,537.4,2,539.89,1.34,CAD,0.02,1.358,DAP
SHP10182,1,Dunkerque,Los Angeles,USA,Sea,6445.7,14,1945.35,1.18,USD,0.015,1.311,DAP
SHP10182,2,Los Angeles,MA,USA,Rail,764.0,3,648.45,0.75,USD,0.015,1.311,DAP
SHP10183,1,Marseille,New York,USA,Sea,6090.9,15,807.68,0.83,USD,0.025,1.306,CIF
SHP10183,2,New York,CA,USA,Rail,635.2,4,269.23,1.09,USD,0.025,1.306,CIF
SHP10184,1,Le Havre,Los Angeles,USA,Sea,6688.5,18,942.54,1.47,CAD,0.0,1.262,DDP
SHP10184,2,Los Angeles,Hub-West,USA,Sea,691.2,5,314.18,0.98,USD,0.0,1.262,CIF
SHP10184,3,Los Angeles,AZ,USA,Truck,690.8,5,314.18,0.61,CAD,0.0,1.262,CIF
SHP10185,1,Le Havre,Los Angeles,USA,Sea,6353.7,17,1902.38,0.34,USD,0.02,1.345,DAP
SHP10185,2,Los Angeles,Hub-East,USA,Truck,197.4,3,634.13,,CAD,0.02,1.345,CIF
SHP10185,3,Los Angeles,NJ,USA,Sea,221.1,1,634.13,0.85,USD,0.02,1.345,FOB
SHP10186,1,Dunkerque,Vancouver,Canada,Sea,6904.4,15,2607.58,0.28,USD,0.02,1.34,DDP
SHP10186,2,Vancouver,NB,Canada,Truck,291.1,3,869.19,0.57,USD,0.02,1.34,CIF
SHP10187,1,Dunkerque,New York,USA,Sea,6049.4,16,1195.91,0.56,CAD,0.015,1.296,DDP
SHP10187,2,New York,Hub-East,USA,Truck,651.7,3,398.64,0.56,USD,0.015,1.296,CIF
SHP10187,3,New York,MI,USA,Sea,748.0,3,398.64,0.25,CAD,0.015,1.296,DAP
SHP10188,1,Dunkerque,Los Angeles,USA,Sea,6150.9,15,2326.2,0.35,USD,0.015,1.288,DAP
SHP10188,2,Los Angeles,Hub-West,USA,Rail,452.4,5,775.4,1.11,CAD,0.015,1.288,DAP
SHP10188,3,Los Angeles,MN,USA,Air,597.3,6,775.4,1.41,CAD,0.015,1.288,CIF
SHP10189,1,Marseille,Savannah,USA,Sea,6023.0,16,2139.1,1.08,USD,0.0,1.289,DDP
SHP10189,2,Savannah,Hub-East,USA,Truck,348.6,4,713.03,0.9,USD,0.0,1.289,CIF
SHP10189,3,Savannah,TX,USA,Sea,392.3,1,713.03,,CAD,0.0,1.289,DAP
SHP10190,1,Le Havre,Savannah,USA,Sea,6429.9,17,1459.19,1.32,USD,0.02,1.218,DAP
SHP10190,2,Savannah,CT,USA,Truck,393.8,3,486.4,0.81,USD,0.02,1.218,DDP
SHP10191,1,Dunkerque,Los Angeles,USA,Sea,6853.2,15,1726.06,0.54,USD,0.0,1.313,FOB
SHP10191,2,Los Angeles,PA,USA,Rail,306.0,3,575.35,0.26,USD,0.0,1.313,FOB
SHP10192,1,Le Havre,Halifax,Canada,Sea,6642.5,18,1609.99,0.82,CAD,0.025,1.211,FOB
SHP10192,2,Halifax,MB,Canada,Rail,110.9,1,536.66,0.29,USD,0.025,1.211,DDP
SHP10193,1,Le Havre,Vancouver,Canada,Sea,6644.3,14,805.26,0.32,USD,0.0,1.344,DDP
SHP10193,2,Vancouver,PE,Canada,Truck,182.9,1,268.42,1.47,USD,0.0,1.344,DAP
SHP10194,1,Le Havre,Montreal,Canada,Sea,6257.4,14,943.72,1.09,CAD,0.02,1.352,DDP
SHP10194,2,Montreal,QC,Canada,Truck,235.5,5,314.57,1.31,USD,0.02,1.352,FOB
SHP10195,1,Le Havre,Halifax,Canada,Sea,6317.4,15,1511.34,1.26,USD,0.0,1.262,FOB
SHP10195,2,Halifax,Hub-East,Canada,Truck,626.5,6,503.78,0.76,CAD,0.0,1.262,CIF
SHP10195,3,Halifax,QC,Canada,Truck,375.0,3,503.78,0.28,USD,0.0,1.262,CIF
SHP10196,1,Le Havre,Los Angeles,USA,Sea,6668.3,14,828.92,1.14,USD,0.025,1.264,CIF
SHP10196,2,Los Angeles,Hub-East,USA,Truck,113.6,1,276.31,0.7,USD,0.025,1.264,CIF
SHP10196,3,Los Angeles,MI,USA,Sea,545.1,3,276.31,0.4,CAD,0.025,1.264,DDP
SHP10197,1,Le Havre,New York,USA,Sea,6862.1,15,1639.33,0.33,USD,0.02,1.294,CIF
SHP10197,2,New York,MA,USA,Truck,608.7,4,546.44,1.11,CAD,0.02,1.294,DDP
SHP10198,1,Marseille,New York,USA,Sea,6636.8,15,1256.66,1.17,USD,0.02,1.364,DDP
SHP10198,2,New York,Hub-West,USA,Rail,787.3,6,418.89,1.1,USD,0.02,1.364,DAP
SHP10198,3,New York,WA,USA,Rail,128.8,2,418.89,1.07,USD,0.02,1.364,CIF
SHP10199,1,Le Havre,Los Angeles,USA,Sea,6080.9,14,1657.72,0.31,USD,0.015,1.348,DAP
SHP10199,2,Los Angeles,Hub-West,USA,Air,407.7,2,552.57,0.66,USD,0.015,1.348,DAP
SHP10199,3,Los Angeles,WA,USA,Rail,444.7,3,552.57,0.31,USD,0.015,1.348,CIF
SHP10200,1,Le Havre,Montreal,Canada,Sea,6390.8,13,1136.58,1.08,USD,0.025,1.392,FOB
SHP10200,2,Montreal,Hub-East,Canada,Sea,390.9,4,378.86,0.8,USD,0.025,1.392,FOB
SHP10200,3,Montreal,PE,Canada,Truck,241.7,4,378.86,1.31,USD,0.025,1.392,DDP
SHP10201,1,Le Havre,Savannah,USA,Sea,6763.9,14,1651.68,0.59,CAD,0.025,1.439,CIF
SHP10201,2,Savannah,Hub-East,USA,Rail,299.0,4,550.56,0.7,CAD,0.025,1.439,DDP
SHP10201,3,Savannah,MD,USA,Truck,104.5,3,550.56,0.51,CAD,0.025,1.439,FOB
SHP10202,1,Dunkerque,Savannah,USA,Sea,6045.6,15,945.12,0.46,USD,0.02,1.246,DAP
SHP10202,2,Savannah,Hub-East,USA,Truck,469.6,4,315.04,0.32,USD,0.02,1.246,DAP
SHP10202,3,Savannah,OH,USA,Truck,339.9,4,315.04,1.3,USD,0.02,1.246,DAP
SHP10203,1,Marseille,New York,USA,Sea,6788.9,18,789.75,0.7,CAD,0.025,1.379,CIF
SHP10203,2,New York,MI,USA,Rail,555.3,5,263.25,,USD,0.025,1.379,DAP
SHP10204,1,Marseille,New York,USA,Sea,6263.3,13,866.47,1.01,CAD,0.015,1.315,DDP
SHP10204,2,New York,CO,USA,Sea,372.3,4,288.82,0.37,CAD,0.015,1.315,FOB
SHP10205,1,Le Havre,Vancouver,Canada,Sea,6338.7,15,1142.26,1.44,USD,0.02,1.285,FOB
SHP10205,2,Vancouver,SK,Canada,Truck,566.4,2,380.75,0.22,USD,0.02,1.285,DAP
SHP10206,1,Le Havre,Vancouver,Canada,Sea,6377.1,14,2008.41,0.61,USD,0.02,1.308,FOB
SHP10206,2,Vancouver,Hub-East,Canada,Truck,695.5,5,669.47,1.47,USD,0.02,1.308,FOB
SHP10206,3,Vancouver,PE,Canada,Truck,679.0,3,669.47,1.15,CAD,0.02,1.308,CIF
SHP10207,1,Le Havre,Vancouver,Canada,Sea,6890.7,17,1614.9,1.09,USD,0.0,1.284,DAP
SHP10207,2,Vancouver,SK,Canada,Truck,305.6,1,538.3,0.28,USD,0.0,1.284,CIF
SHP10208,1,Le Havre,Savannah,USA,Sea,6295.4,13,1456.34,1.09,USD,0.0,1.378,DAP
SHP10208,2,Savannah,MN,USA,Sea,650.4,5,485.45,0.33,USD,0.0,1.378,DDP
SHP10209,1,Marseille,New York,USA,Sea,6445.1,14,2145.79,0.76,USD,0.02,1.381,DDP
SHP10209,2,New York,Hub-East,USA,Truck,568.6,6,715.26,1.42,CAD,0.02,1.381,DAP
SHP10209,3,New York,WA,USA,Sea,337.0,3,715.26,1.32,CAD,0.02,1.381,FOB
SHP10210,1,Dunkerque,Montreal,Canada,Sea,6880.5,15,1955.64,0.9,USD,0.025,1.236,DDP
SHP10210,2,Montreal,Hub-West,Canada,Rail,546.7,3,651.88,,USD,0.025,1.236,CIF
SHP10210,3,Montreal,NB,Canada,Air,709.1,3,651.88,0.24,CAD,0.025,1.236,DAP
SHP10211,1,Marseille,Montreal,Canada,Sea,6726.4,17,2408.91,0.23,CAD,0.02,1.335,CIF
SHP10211,2,Montreal,MB,Canada,Truck,507.7,5,802.97,0.75,CAD,0.02,1.335,DDP
SHP10212,1,Dunkerque,New York,USA,Sea,6176.3,15,1750.96,0.96,USD,0.025,1.347,FOB
SHP10212,2,New York,GA,USA,Sea,799.4,3,583.65,0.94,USD,0.025,1.347,DDP
SHP10213,1,Le Havre,Vancouver,Canada,Sea,6103.9,14,2463.08,0.89,USD,0.02,1.274,CIF
SHP10213,2,Vancouver,BC,Canada,Air,361.6,1,821.03,1.27,USD,0.02,1.274,DDP
SHP10214,1,Marseille,New York,USA,Sea,6306.6,16,928.74,0.57,USD,0.02,1.388,DAP
SHP10214,2,New York,Hub-West,USA,Truck,224.8,3,309.58,1.42,USD,0.02,1.388,DDP
SHP10214,3,New York,NJ,USA,Truck,698.4,5,309.58,1.12,USD,0.02,1.388,CIF
SHP10215,1,Dunkerque,Savannah,USA,Sea,6026.6,15,1205.4,0.22,CAD,0.02,1.315,DDP
SHP10215,2,Savannah,NJ,USA,Sea,305.6,2,401.8,1.08,USD,0.02,1.315,DAP
SHP10216,1,Le Havre,New York,USA,Sea,6759.1,18,2015.58,0.78,USD,0.025,1.251,DAP
SHP10216,2,New York,Hub-East,USA,Rail,483.4,5,671.86,1.44,CAD,0.025,1.251,FOB
SHP10216,3,New York,IL,USA,Truck,719.0,6,671.86,1.4,USD,0.025,1.251,FOB
SHP10217,1,Marseille,Montreal,Canada,Sea,6827.9,17,2180.44,0.36,USD,0.025,1.343,FOB
SHP10217,2,Montreal,QC,Canada,Truck,653.2,5,726.81,0.63,USD,0.025,1.343,FOB
SHP10218,1,Marseille,Montreal,Canada,Sea,6849.8,17,2565.64,0.4,USD,0.0,1.274,DDP
SHP10218,2,Montreal,Hub-East,Canada,Truck,686.1,5,855.21,1.21,CAD,0.0,1.274,CIF
SHP10218,3,Montreal,MB,Canada,Air,665.0,6,855.21,1.36,CAD,0.0,1.274,CIF
SHP10219,1,Dunkerque,Montreal,Canada,Sea,6357.5,13,1850.96,0.27,USD,0.025,1.279,DAP
SHP10219,2,Montreal,Hub-East,Canada,Truck,494.2,2,616.99,0.56,CAD,0.025,1.279,DAP
SHP10219,3,Montreal,BC,Canada,Truck,535.9,4,616.99,0.72,USD,0.025,1.279,DDP
SHP10220,1,Dunkerque,Vancouver,Canada,Sea,6294.8,17,877.56,0.34,USD,0.015,1.344,FOB
SHP10220,2,Vancouver,NS,Canada,Rail,668.6,3,292.52,0.91,USD,0.015,1.344,DDP
SHP10221,1,Marseille,Halifax,Canada,Sea,6155.0,14,861.11,0.37,USD,0.02,1.258,DAP
SHP10221,2,Halifax,Hub-West,Canada,Sea,620.4,4,287.04,0.49,USD,0.02,1.258,CIF
SHP10221,3,Halifax,NL,Canada,Rail,544.3,4,287.04,0.57,USD,0.02,1.258,DDP
SHP10222,1,Dunkerque,Los Angeles,USA,Sea,6884.9,17,958.06,0.25,USD,0.0,1.25,DAP
SHP10222,2,Los Angeles,PA,USA,Truck,229.4,3,319.35,0.57,USD,0.0,1.25,CIF
SHP10223,1,Dunkerque,New York,USA,Sea,6937.4,18,1973.14,1.09,USD,0.025,1.349,CIF
SHP10223,2,New York,Hub-West,USA,Truck,369.4,3,657.71,1.38,USD,0.025,1.349,FOB
SHP10223,3,New York,MN,USA,Truck,676.9,4,657.71,1.07,USD,0.025,1.349,DAP
SHP10224,1,Marseille,New York,USA,Sea,6789.9,18,1564.97,1.4,USD,0.02,1.359,CIF
SHP10224,2,New York,CT,USA,Rail,579.3,5,521.66,1.22,CAD,0.02,1.359,FOB
SHP10225,1,Marseille,Montreal,Canada,Sea,6099.3,17,2606.83,1.03,USD,0.02,1.291,CIF
SHP10225,2,Montreal,ON,Canada,Sea,608.3,2,868.94,,USD,0.02,1.291,DDP
SHP10226,1,Dunkerque,Savannah,USA,Sea,6999.6,14,760.79,0.61,CAD,0.0,1.292,FOB
SHP10226,2,Savannah,Hub-West,USA,Rail,273.1,3,253.6,0.89,CAD,0.0,1.292,CIF
SHP10226,3,Savannah,WA,USA,Truck,403.0,1,253.6,0.22,CAD,0.0,1.292,DAP
SHP10227,1,Marseille,Montreal,Canada,Sea,6706.4,14,851.46,1.03,USD,0.025,1.296,CIF
SHP10227,2,Montreal,Hub-West,Canada,Truck,564.4,6,283.82,0.5,USD,0.025,1.296,DAP
SHP10227,3,Montreal,AB,Canada,Air,147.2,3,283.82,1.18,USD,0.025,1.296,DDP
SHP10228,1,Dunkerque,Vancouver,Canada,Sea,6592.3,18,1565.78,0.37,USD,0.015,1.419,DAP
SHP10228,2,Vancouver,Hub-West,Canada,Truck,357.3,5,521.93,0.61,USD,0.015,1.419,DDP
SHP10228,3,Vancouver,NS,Canada,Truck,569.5,4,521.93,1.48,USD,0.015,1.419,CIF
SHP10229,1,Dunkerque,New York,USA,Sea,6856.8,18,1225.8,1.39,USD,0.025,1.26,DDP
SHP10229,2,New York,Hub-East,USA,Truck,537.7,4,408.6,0.44,CAD,0.025,1.26,FOB
SHP10229,3,New York,TX,USA,Truck,132.0,4,408.6,0.73,USD,0.025,1.26,DAP
SHP10230,1,Marseille,Savannah,USA,Sea,6729.3,14,1029.62,0.28,USD,0.015,1.303,DDP
SHP10230,2,Savannah,NC,USA,Truck,590.9,3,343.21,0.9,CAD,0.015,1.303,FOB
SHP10231,1,Dunkerque,Savannah,USA,Sea,6684.8,18,1003.13,1.05,USD,0.025,1.286,DAP
SHP10231,2,Savannah,TX,USA,Rail,101.4,3,334.38,0.65,CAD,0.025,1.286,CIF
SHP10232,1,Dunkerque,Los Angeles,USA,Sea,6817.8,18,1967.67,0.42,USD,0.0,1.224,DDP
SHP10232,2,Los Angeles,Hub-East,USA,Truck,652.9,3,655.89,0.8,USD,0.0,1.224,CIF
SHP10232,3,Los Angeles,MN,USA,Truck,377.7,4,655.89,0.45,CAD,0.0,1.224,FOB
SHP10233,1,Marseille,New York,USA,Sea,6755.9,18,1912.88,0.93,CAD,0.025,1.25,FOB
SHP10233,2,New York,MA,USA,Sea,751.8,5,637.63,0.62,USD,0.025,1.25,DDP
SHP10234,1,Le Havre,Savannah,USA,Sea,6071.9,14,1877.37,1.22,USD,0.02,1.256,FOB
SHP10234,2,Savannah,Hub-East,USA,Rail,123.5,1,625.79,1.42,USD,0.02,1.256,DAP
SHP10234,3,Savannah,FL,USA,Truck,469.7,4,625.79,1.14,USD,0.02,1.256,DAP
SHP10235,1,Dunkerque,Los Angeles,USA,Sea,6026.3,16,930.52,,USD,0.015,1.211,FOB
SHP10235,2,Los Angeles,Hub-West,USA,Truck,355.0,5,310.17,0.36,CAD,0.015,1.211,FOB
SHP10235,3,Los Angeles,MI,USA,Truck,586.5,2,310.17,1.19,USD,0.015,1.211,CIF
SHP10236,1,Le Havre,Montreal,Canada,Sea,6632.1,15,937.83,0.49,USD,0.015,1.313,CIF
SHP10236,2,Montreal,MB,Canada,Air,506.0,3,312.61,,USD,0.015,1.313,DDP
SHP10237,1,Dunkerque,Los Angeles,USA,Sea,6283.3,16,1619.07,0.68,USD,0.025,1.258,FOB
SHP10237,2,Los Angeles,Hub-East,USA,Truck,390.1,4,539.69,0.45,USD,0.025,1.258,FOB
SHP10237,3,Los Angeles,FL,USA,Sea,131.9,4,539.69,1.17,CAD,0.025,1.258,FOB
SHP10238,1,Dunkerque,Halifax,Canada,Sea,6116.4,13,2335.7,1.07,CAD,0.02,1.411,DAP
SHP10238,2,Halifax,Hub-East,Canada,Truck,194.6,2,778.57,1.19,USD,0.02,1.411,FOB
SHP10238,3,Halifax,SK,Canada,Rail,111.9,1,778.57,0.62,CAD,0.02,1.411,CIF
SHP10239,1,Le Havre,New York,USA,Sea,6463.4,16,1823.71,1.38,CAD,0.0,1.28,DAP
SHP10239,2,New York,Hub-West,USA,Truck,613.2,4,607.9,1.1,CAD,0.0,1.28,CIF
SHP10239,3,New York,NC,USA,Rail,141.0,1,607.9,0.39,USD,0.0,1.28,DAP
SHP10240,1,Dunkerque,Vancouver,Canada,Sea,6995.4,15,2085.43,1.4,USD,0.02,1.245,DAP
SHP10240,2,Vancouver,Hub-East,Canada,Truck,565.1,3,695.14,1.04,USD,0.02,1.245,DAP
SHP10240,3,Vancouver,SK,Canada,Rail,779.4,3,695.14,0.9,USD,0.02,1.245,CIF
SHP10241,1,Marseille,Montreal,Canada,Sea,6113.9,15,1363.0,0.77,USD,0.015,1.25,DDP
SHP10241,2,Montreal,Hub-West,Canada,Rail,412.1,2,454.33,1.25,USD,0.015,1.25,FOB
SHP10241,3,Montreal,SK,Canada,Sea,183.0,1,454.33,0.59,USD,0.015,1.25,CIF
SHP10242,1,Dunkerque,Vancouver,Canada,Sea,6778.7,16,1853.56,1.13,CAD,0.0,1.293,DAP
SHP10242,2,Vancouver,MB,Canada,Truck,250.4,3,617.85,0.21,USD,0.0,1.293,DAP
SHP10243,1,Le Havre,Savannah,USA,Sea,6411.0,15,1694.07,0.75,CAD,0.02,1.364,FOB
SHP10243,2,Savannah,Hub-West,USA,Rail,650.2,6,564.69,1.12,USD,0.02,1.364,CIF
SHP10243,3,Savannah,MN,USA,Truck,737.6,3,564.69,0.72,USD,0.02,1.364,DAP
SHP10244,1,Le Havre,Halifax,Canada,Sea,6513.2,18,1991.69,0.69,USD,0.015,1.292,FOB
SHP10244,2,Halifax,ON,Canada,Truck,561.4,3,663.9,0.86,USD,0.015,1.292,CIF
SHP10245,1,Marseille,Los Angeles,USA,Sea,6047.6,14,904.15,,USD,0.02,1.28,DDP
SHP10245,2,Los Angeles,Hub-West,USA,Rail,598.0,2,301.38,0.83,USD,0.02,1.28,FOB
SHP10245,3,Los Angeles,NJ,USA,Rail,127.4,3,301.38,0.94,USD,0.02,1.28,CIF
SHP10246,1,Dunkerque,Los Angeles,USA,Sea,6905.2,15,1701.37,0.34,CAD,0.02,1.268,FOB
SHP10246,2,Los Angeles,Hub-West,USA,Truck,130.7,1,567.12,0.72,USD,0.02,1.268,DDP
SHP10246,3,Los Angeles,TX,USA,Rail,532.9,3,567.12,1.12,USD,0.02,1.268,DAP
SHP10247,1,Dunkerque,Vancouver,Canada,Sea,6784.2,17,2378.84,0.81,CAD,0.015,1.349,DDP
SHP10247,2,Vancouver,Hub-East,Canada,Truck,654.5,2,792.95,1.31,USD,0.015,1.349,CIF
SHP10247,3,Vancouver,NS,Canada,Truck,487.9,3,792.95,0.97,USD,0.015,1.349,DAP
SHP10248,1,Dunkerque,Savannah,USA,Sea,6547.4,15,1130.01,0.82,USD,0.02,1.323,CIF
SHP10248,2,Savannah,Hub-East,USA,Rail,531.2,4,376.67,,CAD,0.02,1.323,DDP
SHP10248,3,Savannah,VA,USA,Rail,628.3,3,376.67,0.99,USD,0.02,1.323,DDP
SHP10249,1,Marseille,Savannah,USA,Sea,6711.6,18,1540.11,0.61,USD,0.0,1.372,CIF
SHP10249,2,Savannah,Hub-East,USA,Truck,133.6,4,513.37,0.95,USD,0.0,1.372,FOB
SHP10249,3,Savannah,MD,USA,Truck,330.9,4,513.37,1.21,USD,0.0,1.372,CIF
SHP10250,1,Marseille,New York,USA,Sea,6696.0,14,2012.42,,USD,0.025,1.337,CIF
SHP10250,2,New York,NJ,USA,Truck,311.7,5,670.81,0.56,USD,0.025,1.337,CIF
SHP10251,1,Le Havre,Los Angeles,USA,Sea,6320.6,13,1779.5,0.6,USD,0.02,1.335,DAP
SHP10251,2,Los Angeles,NJ,USA,Rail,413.3,2,593.17,1.31,USD,0.02,1.335,DDP
SHP10252,1,Dunkerque,Los Angeles,USA,Sea,6490.6,17,2563.45,1.23,USD,0.02,1.32,DAP
SHP10252,2,Los Angeles,NY,USA,Truck,737.0,3,854.48,1.22,CAD,0.02,1.32,FOB
SHP10253,1,Dunkerque,Halifax,Canada,Sea,6561.2,16,816.81,0.45,USD,0.015,1.291,DAP
SHP10253,2,Halifax,MB,Canada,Rail,633.3,5,272.27,1.32,USD,0.015,1.291,FOB
SHP10254,1,Marseille,Los Angeles,USA,Sea,6756.0,18,1333.3,1.19,USD,0.02,1.394,DDP
SHP10254,2,Los Angeles,NJ,USA,Truck,355.8,2,444.43,0.68,CAD,0.02,1.394,DAP
SHP10255,1,Dunkerque,Savannah,USA,Sea,6102.3,17,1174.53,0.21,CAD,0.02,1.357,DAP
SHP10255,2,Savannah,MN,USA,Rail,451.3,3,391.51,0.27,USD,0.02,1.357,DAP
SHP10256,1,Le Havre,Los Angeles,USA,Sea,6375.0,17,2184.72,1.15,USD,0.02,1.316,CIF
SHP10256,2,Los Angeles,Hub-West,USA,Truck,189.8,2,728.24,1.21,USD,0.02,1.316,CIF
SHP10256,3,Los Angeles,AZ,USA,Truck,703.6,6,728.24,0.85,USD,0.02,1.316,DAP
SHP10257,1,Dunkerque,Savannah,USA,Sea,6585.9,16,1054.85,1.14,USD,0.02,1.26,FOB
SHP10257,2,Savannah,Hub-East,USA,Sea,769.1,2,351.62,0.45,USD,0.02,1.26,FOB
SHP10257,3,Savannah,NY,USA,Truck,268.8,2,351.62,0.67,CAD,0.02,1.26,DDP
SHP10258,1,Le Havre,Halifax,Canada,Sea,6464.6,13,2107.83,0.93,USD,0.0,1.25,FOB
SHP10258,2,Halifax,NL,Canada,Sea,477.1,3,702.61,0.21,USD,0.0,1.25,DDP
SHP10259,1,Dunkerque,Montreal,Canada,Sea,6969.1,14,1038.35,1.04,USD,0.02,1.305,DDP
SHP10259,2,Montreal,Hub-West,Canada,Truck,729.0,6,346.12,0.36,USD,0.02,1.305,CIF
SHP10259,3,Montreal,ON,Canada,Truck,212.4,5,346.12,1.24,USD,0.02,1.305,DDP
SHP10260,1,Marseille,Savannah,USA,Sea,6359.2,14,1860.2,,USD,0.02,1.332,DAP
SHP10260,2,Savannah,VA,USA,Truck,519.7,3,620.07,0.6,USD,0.02,1.332,DDP
SHP10261,1,Dunkerque,Savannah,USA,Sea,6325.6,15,1374.67,0.75,USD,0.0,1.315,CIF
SHP10261,2,Savannah,Hub-East,USA,Truck,287.9,2,458.22,0.65,USD,0.0,1.315,DDP
SHP10261,3,Savannah,FL,USA,Truck,590.9,5,458.22,0.46,CAD,0.0,1.315,FOB
SHP10262,1,Marseille,Vancouver,Canada,Sea,6126.8,13,2103.64,1.27,CAD,0.015,1.387,CIF
SHP10262,2,Vancouver,ON,Canada,Truck,425.4,4,701.21,1.43,USD,0.015,1.387,DAP
SHP10263,1,Le Havre,Savannah,USA,Sea,6507.2,16,2569.56,0.57,CAD,0.02,1.26,DDP
SHP10263,2,Savannah,MI,USA,Rail,449.6,2,856.52,0.27,USD,0.02,1.26,DAP
SHP10264,1,Dunkerque,Vancouver,Canada,Sea,6782.2,14,1465.84,0.51,USD,0.015,1.321,DDP
SHP10264,2,Vancouver,ON,Canada,Rail,432.7,1,488.61,0.74,CAD,0.015,1.321,CIF
SHP10265,1,Dunkerque,Montreal,Canada,Sea,6710.9,14,1198.71,0.79,USD,0.0,1.366,CIF
SHP10265,2,Montreal,Hub-West,Canada,Truck,171.6,5,399.57,1.43,USD,0.0,1.366,DAP
SHP10265,3,Montreal,NL,Canada,Truck,196.8,2,399.57,0.58,CAD,0.0,1.366,DDP
SHP10266,1,Dunkerque,Savannah,USA,Sea,6244.8,17,2499.0,1.33,USD,0.015,1.323,FOB
SHP10266,2,Savannah,Hub-East,USA,Truck,696.7,4,833.0,0.3,CAD,0.015,1.323,CIF
SHP10266,3,Savannah,NC,USA,Truck,108.0,4,833.0,1.41,CAD,0.015,1.323,CIF
SHP10267,1,Marseille,Los Angeles,USA,Sea,6029.7,16,1413.47,0.85,USD,0.02,1.441,DDP
SHP10267,2,Los Angeles,CT,USA,Truck,670.1,5,471.16,0.77,USD,0.02,1.441,DDP
SHP10268,1,Marseille,New York,USA,Sea,6451.4,16,2612.68,0.53,USD,0.0,1.244,FOB
SHP10268,2,New York,WA,USA,Truck,562.4,5,870.89,1.15,USD,0.0,1.244,CIF
SHP10269,1,Marseille,Savannah,USA,Sea,6923.1,18,1384.35,1.2,USD,0.025,1.231,DDP
SHP10269,2,Savannah,MA,USA,Sea,560.4,2,461.45,0.76,USD,0.025,1.231,DAP
SHP10270,1,Dunkerque,Montreal,Canada,Sea,6637.8,18,1318.76,0.39,USD,0.02,1.212,CIF
SHP10270,2,Montreal,AB,Canada,Truck,754.7,5,439.59,,USD,0.02,1.212,FOB
SHP10271,1,Dunkerque,Halifax,Canada,Sea,6908.8,16,1007.08,1.26,CAD,0.015,1.271,FOB
SHP10271,2,Halifax,Hub-West,Canada,Truck,777.1,5,335.69,0.79,USD,0.015,1.271,DAP
SHP10271,3,Halifax,NB,Canada,Truck,670.9,3,335.69,0.43,USD,0.015,1.271,DDP
SHP10272,1,Dunkerque,Los Angeles,USA,Sea,6580.2,18,1210.84,0.75,USD,0.02,1.301,DAP
SHP10272,2,Los Angeles,Hub-East,USA,Truck,777.9,3,403.61,0.23,USD,0.02,1.301,DAP
SHP10272,3,Los Angeles,PA,USA,Truck,350.6,2,403.61,0.23,CAD,0.02,1.301,CIF
SHP10273,1,Le Havre,Savannah,USA,Sea,6693.0,17,2322.34,0.4,CAD,0.015,1.285,CIF
SHP10273,2,Savannah,Hub-East,USA,Truck,540.1,2,774.11,0.23,USD,0.015,1.285,CIF
SHP10273,3,Savannah,OR,USA,Rail,721.5,4,774.11,1.3,USD,0.015,1.285,CIF
SHP10274,1,Dunkerque,New York,USA,Sea,6244.2,16,813.4,1.09,USD,0.015,1.41,FOB
SHP10274,2,New York,CO,USA,Rail,627.9,2,271.13,0.56,USD,0.015,1.41,DDP
SHP10275,1,Le Havre,Montreal,Canada,Sea,6630.8,17,759.03,1.42,CAD,0.015,1.293,CIF
SHP10275,2,Montreal,MB,Canada,Truck,171.9,3,253.01,0.59,USD,0.015,1.293,DAP
SHP10276,1,Marseille,Los Angeles,USA,Sea,6550.1,18,2286.03,1.01,USD,0.025,1.267,DDP
SHP10276,2,Los Angeles,MD,USA,Truck,747.7,4,762.01,0.43,CAD,0.025,1.267,DAP
SHP10277,1,Dunkerque,Halifax,Canada,Sea,6852.1,17,1984.95,1.26,USD,0.0,1.244,FOB
SHP10277,2,Halifax,QC,Canada,Sea,602.5,6,661.65,0.43,USD,0.0,1.244,FOB
SHP10278,1,Marseille,Halifax,Canada,Sea,6300.7,15,2045.45,1.44,USD,0.025,1.39,DAP
SHP10278,2,Halifax,Hub-West,Canada,Truck,273.5,1,681.82,0.73,USD,0.025,1.39,DAP
SHP10278,3,Halifax,NL,Canada,Truck,521.5,4,681.82,0.63,USD,0.025,1.39,FOB
SHP10279,1,Le Havre,Los Angeles,USA,Sea,6620.3,16,2003.73,0.8,USD,0.0,1.349,DAP
SHP10279,2,Los Angeles,Hub-East,USA,Rail,100.3,2,667.91,1.43,USD,0.0,1.349,DDP
SHP10279,3,Los Angeles,MA,USA,Truck,213.8,5,667.91,1.37,USD,0.0,1.349,FOB
SHP10280,1,Le Havre,Vancouver,Canada,Sea,6418.0,13,2029.9,0.61,USD,0.0,1.298,FOB
SHP10280,2,Vancouver,ON,Canada,Air,480.1,5,676.63,1.05,USD,0.0,1.298,CIF
SHP10281,1,Marseille,Los Angeles,USA,Sea,6941.1,14,2633.8,1.34,USD,0.015,1.332,FOB
SHP10281,2,Los Angeles,Hub-West,USA,Sea,229.5,2,877.93,0.27,USD,0.015,1.332,DAP
SHP10281,3,Los Angeles,IL,USA,Rail,393.7,3,877.93,0.55,USD,0.015,1.332,DDP
SHP10282,1,Dunkerque,New York,USA,Sea,6500.0,14,1747.87,0.44,USD,0.02,1.331,FOB
SHP10282,2,New York,PA,USA,Sea,464.9,2,582.62,0.3,CAD,0.02,1.331,DAP
SHP10283,1,Le Havre,Savannah,USA,Sea,6223.9,13,1089.55,1.49,USD,0.015,1.294,CIF
SHP10283,2,Savannah,Hub-West,USA,Rail,408.0,1,363.18,1.18,CAD,0.015,1.294,DDP
SHP10283,3,Savannah,CA,USA,Rail,528.0,3,363.18,,CAD,0.015,1.294,CIF
SHP10284,1,Le Havre,Los Angeles,USA,Sea,6073.7,17,1574.86,0.21,USD,0.02,1.297,DDP
SHP10284,2,Los Angeles,OR,USA,Rail,473.9,1,524.95,0.35,USD,0.02,1.297,CIF
SHP10285,1,Dunkerque,Halifax,Canada,Sea,6952.4,18,2347.29,,USD,0.02,1.259,CIF
SHP10285,2,Halifax,NB,Canada,Air,199.3,4,782.43,1.24,USD,0.02,1.259,DDP
SHP10286,1,Marseille,Los Angeles,USA,Sea,6224.2,15,1245.07,1.36,CAD,0.02,1.287,FOB
SHP10286,2,Los Angeles,TX,USA,Rail,682.4,6,415.02,0.54,CAD,0.02,1.287,FOB
SHP10287,1,Dunkerque,Los Angeles,USA,Sea,6550.4,14,1384.28,0.65,USD,0.02,1.264,FOB
SHP10287,2,Los Angeles,AZ,USA,Truck,483.7,1,461.43,1.24,USD,0.02,1.264,FOB
SHP10288,1,Dunkerque,Los Angeles,USA,Sea,6866.9,15,2087.45,1.46,USD,0.015,1.248,CIF
SHP10288,2,Los Angeles,Hub-East,USA,Truck,627.1,4,695.82,0.22,USD,0.015,1.248,DAP
SHP10288,3,Los Angeles,MD,USA,Truck,315.3,1,695.82,1.32,CAD,0.015,1.248,FOB
SHP10289,1,Dunkerque,Montreal,Canada,Sea,6398.1,14,1047.55,0.73,CAD,0.02,1.319,DAP
SHP10289,2,Montreal,Hub-West,Canada,Sea,454.3,3,349.18,1.06,CAD,0.02,1.319,DDP
SHP10289,3,Montreal,NL,Canada,Truck,210.3,2,349.18,0.29,USD,0.02,1.319,CIF
SHP10290,1,Marseille,Savannah,USA,Sea,6427.8,14,730.54,0.96,USD,0.02,1.345,DAP
SHP10290,2,Savannah,Hub-West,USA,Truck,761.7,3,243.51,,CAD,0.02,1.345,FOB
SHP10290,3,Savannah,CT,USA,Sea,349.0,2,243.51,0.93,CAD,0.02,1.345,CIF
SHP10291,1,Le Havre,Los Angeles,USA,Sea,6773.9,18,2437.26,,CAD,0.015,1.254,DAP
SHP10291,2,Los Angeles,Hub-East,USA,Rail,405.5,5,812.42,1.46,CAD,0.015,1.254,CIF
SHP10291,3,Los Angeles,MI,USA,Rail,191.3,5,812.42,1.42,CAD,0.015,1.254,DDP
SHP10292,1,Le Havre,Los Angeles,USA,Sea,6561.2,15,1660.66,0.27,USD,0.02,1.273,FOB
SHP10292,2,Los Angeles,PA,USA,Truck,594.5,6,553.55,1.35,USD,0.02,1.273,DAP
SHP10293,1,Dunkerque,New York,USA,Sea,6613.8,17,1307.84,0.42,USD,0.015,1.291,FOB
SHP10293,2,New York,OH,USA,Truck,560.2,5,435.95,1.44,USD,0.015,1.291,DAP
SHP10294,1,Le Havre,Montreal,Canada,Sea,6536.3,15,2542.22,,CAD,0.0,1.326,DDP
SHP10294,2,Montreal,Hub-East,Canada,Rail,401.9,5,847.41,0.89,USD,0.0,1.326,DDP
SHP10294,3,Montreal,NS,Canada,Truck,338.1,2,847.41,0.96,USD,0.0,1.326,DAP
SHP10295,1,Le Havre,Savannah,USA,Sea,6933.9,15,2307.9,0.49,USD,0.015,1.325,DDP
SHP10295,2,Savannah,NY,USA,Truck,771.6,5,769.3,0.21,USD,0.015,1.325,FOB
SHP10296,1,Le Havre,Savannah,USA,Sea,6034.8,17,2363.89,0.78,USD,0.015,1.376,DAP
SHP10296,2,Savannah,WA,USA,Rail,780.9,6,787.96,1.24,CAD,0.015,1.376,DAP
SHP10297,1,Marseille,Los Angeles,USA,Sea,6117.9,14,875.01,1.12,CAD,0.015,1.366,CIF
SHP10297,2,Los Angeles,Hub-West,USA,Truck,105.3,4,291.67,0.45,CAD,0.015,1.366,DDP
SHP10297,3,Los Angeles,CO,USA,Rail,102.8,3,291.67,1.25,USD,0.015,1.366,FOB
SHP10298,1,Le Havre,Montreal,Canada,Sea,6379.3,15,2255.78,1.03,CAD,0.0,1.274,FOB
SHP10298,2,Montreal,Hub-West,Canada,Rail,645.0,5,751.93,0.62,USD,0.0,1.274,CIF
SHP10298,3,Montreal,MB,Canada,Truck,675.6,4,751.93,0.85,USD,0.0,1.274,DAP
SHP10299,1,Le Havre,Halifax,Canada,Sea,6085.8,15,1465.9,0.68,USD,0.025,1.35,DAP
SHP10299,2,Halifax,QC,Canada,Truck,600.8,2,488.63,0.89,USD,0.025,1.35,DAP
SHP10300,1,Marseille,Vancouver,Canada,Sea,6015.1,14,1990.32,0.95,USD,0.015,1.351,DDP
SHP10300,2,Vancouver,Hub-East,Canada,Sea,119.1,1,663.44,0.81,USD,0.015,1.351,DAP
SHP10300,3,Vancouver,PE,Canada,Rail,599.4,3,663.44,0.36,USD,0.015,1.351,FOB
SHP10301,1,Marseille,Los Angeles,USA,Sea,6288.3,14,2098.18,0.82,CAD,0.015,1.294,DDP
SHP10301,2,Los Angeles,NY,USA,Truck,422.7,2,699.39,0.3,USD,0.015,1.294,FOB
SHP10302,1,Dunkerque,New York,USA,Sea,6214.8,15,2363.71,0.43,USD,0.02,1.403,DAP
SHP10302,2,New York,AZ,USA,Truck,329.3,5,787.9,1.3,CAD,0.02,1.403,FOB
SHP10303,1,Le Havre,Halifax,Canada,Sea,6733.4,14,2114.12,0.27,CAD,0.02,1.331,DAP
SHP10303,2,Halifax,NS,Canada,Truck,468.0,5,704.71,0.99,USD,0.02,1.331,DDP
SHP10304,1,Marseille,New York,USA,Sea,6860.1,14,2437.57,1.17,USD,0.025,1.34,CIF
SHP10304,2,New York,Hub-East,USA,Truck,435.1,3,812.52,0.86,USD,0.025,1.34,CIF
SHP10304,3,New York,WA,USA,Truck,609.0,2,812.52,1.0,USD,0.025,1.34,DAP
SHP10305,1,Le Havre,Savannah,USA,Sea,6170.2,17,1390.01,1.12,USD,0.02,1.296,FOB
SHP10305,2,Savannah,CT,USA,Truck,368.7,4,463.34,0.88,USD,0.02,1.296,CIF
SHP10306,1,Dunkerque,New York,USA,Sea,6763.0,14,1351.01,0.24,USD,0.02,1.289,DAP
SHP10306,2,New York,Hub-West,USA,Truck,241.7,3,450.34,0.29,USD,0.02,1.289,DDP
SHP10306,3,New York,CO,USA,Truck,372.7,4,450.34,0.43,USD,0.02,1.289,CIF
SHP10307,1,Dunkerque,Montreal,Canada,Sea,6247.0,17,1171.6,1.28,USD,0.0,1.35,CIF
SHP10307,2,Montreal,AB,Canada,Truck,377.8,5,390.53,0.62,USD,0.0,1.35,CIF
SHP10308,1,Le Havre,Los Angeles,USA,Sea,6195.0,14,999.25,1.41,USD,0.015,1.344,FOB
SHP10308,2,Los Angeles,MI,USA,Rail,715.4,2,333.08,0.4,USD,0.015,1.344,CIF
SHP10309,1,Dunkerque,Halifax,Canada,Sea,6639.5,14,1192.19,0.47,USD,0.02,1.363,FOB
SHP10309,2,Halifax,SK,Canada,Truck,690.3,3,397.4,0.5,USD,0.02,1.363,DDP
SHP10310,1,Marseille,New York,USA,Sea,6408.4,14,2572.74,0.33,USD,0.02,1.301,DAP
SHP10310,2,New York,Hub-West,USA,Truck,423.3,4,857.58,1.26,USD,0.02,1.301,DDP
SHP10310,3,New York,AZ,USA,Truck,357.9,3,857.58,0.87,CAD,0.02,1.301,CIF
SHP10311,1,Dunkerque,Montreal,Canada,Sea,6377.4,17,2540.9,0.81,USD,0.025,1.309,FOB
SHP10311,2,Montreal,ON,Canada,Truck,288.1,5,846.97,1.25,CAD,0.025,1.309,DDP
SHP10312,1,Le Havre,Vancouver,Canada,Sea,6845.2,15,1443.97,0.99,USD,0.02,1.322,DAP
SHP10312,2,Vancouver,NS,Canada,Rail,372.0,2,481.32,0.99,USD,0.02,1.322,CIF
SHP10313,1,Marseille,New York,USA,Sea,6360.8,16,947.04,0.62,USD,0.0,1.294,FOB
SHP10313,2,New York,IL,USA,Rail,428.4,1,315.68,1.49,USD,0.0,1.294,DAP
SHP10314,1,Dunkerque,New York,USA,Sea,6581.7,16,2595.0,0.71,USD,0.025,1.166,DAP
SHP10314,2,New York,CA,USA,Truck,685.3,5,865.0,0.28,USD,0.025,1.166,FOB
SHP10315,1,Marseille,Montreal,Canada,Sea,6794.6,14,2422.05,1.3,USD,0.0,1.349,DAP
SHP10315,2,Montreal,ON,Canada,Truck,754.5,6,807.35,0.7,USD,0.0,1.349,CIF
SHP10316,1,Marseille,Savannah,USA,Sea,6552.2,17,1400.96,1.05,USD,0.015,1.327,DAP
SHP10316,2,Savannah,CO,USA,Truck,530.8,6,466.99,0.81,CAD,0.015,1.327,DDP
SHP10317,1,Dunkerque,Savannah,USA,Sea,6194.9,13,1223.0,,USD,0.025,1.335,DAP
SHP10317,2,Savannah,Hub-East,USA,Truck,705.9,2,407.67,0.5,USD,0.025,1.335,DAP
SHP10317,3,Savannah,OR,USA,Rail,222.4,1,407.67,1.09,CAD,0.025,1.335,FOB
SHP10318,1,Dunkerque,Savannah,USA,Sea,6118.6,17,2229.76,1.02,USD,0.015,1.368,FOB
SHP10318,2,Savannah,Hub-West,USA,Sea,605.3,2,743.25,1.31,USD,0.015,1.368,CIF
SHP10318,3,Savannah,IL,USA,Truck,152.0,2,743.25,0.71,USD,0.015,1.368,FOB
SHP10319,1,Marseille,Savannah,USA,Sea,6251.1,16,993.3,1.1,USD,0.015,1.282,CIF
SHP10319,2,Savannah,Hub-West,USA,Truck,618.2,6,331.1,,USD,0.015,1.282,FOB
SHP10319,3,Savannah,NJ,USA,Air,674.6,2,331.1,0.62,USD,0.015,1.282,FOB
SHP10320,1,Le Havre,Savannah,USA,Sea,6583.6,16,968.11,0.67,USD,0.02,1.323,FOB
SHP10320,2,Savannah,CT,USA,Rail,121.0,1,322.7,0.29,USD,0.02,1.323,FOB
SHP10321,1,Dunkerque,Los Angeles,USA,Sea,6860.2,16,1946.11,0.25,USD,0.02,1.294,FOB
SHP10321,2,Los Angeles,Hub-West,USA,Truck,476.9,4,648.7,0.94,USD,0.02,1.294,FOB
SHP10321,3,Los Angeles,NY,USA,Truck,388.3,2,648.7,0.96,USD,0.02,1.294,FOB
SHP10322,1,Dunkerque,Halifax,Canada,Sea,6924.4,18,1795.96,1.25,USD,0.02,1.376,DDP
SHP10322,2,Halifax,Hub-West,Canada,Truck,714.7,6,598.65,0.31,USD,0.02,1.376,CIF
SHP10322,3,Halifax,BC,Canada,Truck,165.1,4,598.65,1.31,USD,0.02,1.376,CIF
SHP10323,1,Le Havre,Los Angeles,USA,Sea,6045.8,14,1591.26,1.22,USD,0.0,1.257,DDP
SHP10323,2,Los Angeles,Hub-East,USA,Truck,508.8,5,530.42,0.5,USD,0.0,1.257,DDP
SHP10323,3,Los Angeles,NY,USA,Sea,669.7,3,530.42,0.74,USD,0.0,1.257,CIF
SHP10324,1,Marseille,New York,USA,Sea,6588.6,15,2060.6,0.97,USD,0.02,1.339,DDP
SHP10324,2,New York,NJ,USA,Truck,418.2,3,686.87,0.79,USD,0.02,1.339,FOB
SHP10325,1,Dunkerque,Halifax,Canada,Sea,6296.6,15,2539.22,0.62,USD,0.0,1.269,CIF
SHP10325,2,Halifax,Hub-East,Canada,Truck,728.8,6,846.41,1.36,USD,0.0,1.269,DAP
SHP10325,3,Halifax,SK,Canada,Truck,335.0,2,846.41,1.28,USD,0.0,1.269,DAP
SHP10326,1,Le Havre,Savannah,USA,Sea,6360.3,17,1859.58,0.81,CAD,0.015,1.37,FOB
SHP10326,2,Savannah,IL,USA,Truck,198.2,1,619.86,1.43,USD,0.015,1.37,DAP
SHP10327,1,Dunkerque,Montreal,Canada,Sea,6461.3,17,1118.48,0.92,USD,0.015,1.304,DDP
SHP10327,2,Montreal,Hub-West,Canada,Truck,762.3,3,372.83,1.11,USD,0.015,1.304,DDP
SHP10327,3,Montreal,QC,Canada,Truck,636.5,5,372.83,0.97,USD,0.015,1.304,DDP
SHP10328,1,Marseille,New York,USA,Sea,6530.4,16,1424.6,1.47,USD,0.015,1.344,DAP
SHP10328,2,New York,Hub-West,USA,Truck,528.1,5,474.87,0.81,USD,0.015,1.344,DAP
SHP10328,3,New York,NY,USA,Truck,590.5,2,474.87,0.56,USD,0.015,1.344,FOB
SHP10329,1,Marseille,Montreal,Canada,Sea,6092.9,16,2688.02,0.61,USD,0.025,1.181,CIF
SHP10329,2,Montreal,Hub-East,Canada,Rail,530.0,5,896.01,,CAD,0.025,1.181,DAP
SHP10329,3,Montreal,SK,Canada,Truck,133.5,3,896.01,1.03,USD,0.025,1.181,FOB
SHP10330,1,Marseille,Vancouver,Canada,Sea,6125.0,15,2298.94,1.15,USD,0.015,1.297,DDP
SHP10330,2,Vancouver,Hub-East,Canada,Air,220.3,3,766.31,,USD,0.015,1.297,DAP
SHP10330,3,Vancouver,ON,Canada,Truck,366.3,3,766.31,0.9,CAD,0.015,1.297,CIF
SHP10331,1,Dunkerque,Los Angeles,USA,Sea,6736.1,17,1888.52,1.1,USD,0.02,1.366,DAP
SHP10331,2,Los Angeles,Hub-West,USA,Truck,681.9,4,629.51,1.46,USD,0.02,1.366,DDP
SHP10331,3,Los Angeles,PA,USA,Air,568.9,3,629.51,0.57,USD,0.02,1.366,DDP
SHP10332,1,Marseille,Vancouver,Canada,Sea,6214.6,17,2421.59,0.65,USD,0.015,1.324,DAP
SHP10332,2,Vancouver,Hub-West,Canada,Truck,698.8,4,807.2,0.55,USD,0.015,1.324,CIF
SHP10332,3,Vancouver,ON,Canada,Truck,655.4,6,807.2,0.6,USD,0.015,1.324,DAP
SHP10333,1,Dunkerque,New York,USA,Sea,6453.3,17,975.33,1.4,USD,0.015,1.364,DDP
SHP10333,2,New York,MN,USA,Truck,358.5,5,325.11,1.48,USD,0.015,1.364,DAP
SHP10334,1,Marseille,Savannah,USA,Sea,6634.1,15,1514.86,0.47,USD,0.02,1.352,CIF
SHP10334,2,Savannah,CA,USA,Truck,151.5,2,504.95,1.03,USD,0.02,1.352,CIF
SHP10335,1,Marseille,Savannah,USA,Sea,6574.1,15,1430.19,1.15,CAD,0.0,1.252,DDP
SHP10335,2,Savannah,CT,USA,Rail,595.1,6,476.73,1.32,USD,0.0,1.252,FOB
SHP10336,1,Le Havre,Montreal,Canada,Sea,6222.7,14,1908.89,0.67,USD,0.0,1.313,FOB
SHP10336,2,Montreal,Hub-East,Canada,Truck,457.5,4,636.3,0.31,USD,0.0,1.313,FOB
SHP10336,3,Montreal,QC,Canada,Truck,256.5,2,636.3,1.38,CAD,0.0,1.313,DAP
SHP10337,1,Dunkerque,Los Angeles,USA,Sea,6893.7,16,1782.62,0.83,USD,0.0,1.374,FOB
SHP10337,2,Los Angeles,MI,USA,Truck,312.4,4,594.21,0.3,USD,0.0,1.374,CIF
SHP10338,1,Dunkerque,New York,USA,Sea,6921.7,18,940.68,0.39,USD,0.025,1.367,CIF
SHP10338,2,New York,IL,USA,Truck,590.4,5,313.56,0.38,USD,0.025,1.367,CIF
SHP10339,1,Marseille,New York,USA,Sea,6505.0,17,1689.04,1.47,USD,0.02,1.252,DDP
SHP10339,2,New York,NY,USA,Sea,285.2,1,563.01,0.92,USD,0.02,1.252,CIF
SHP10340,1,Le Havre,Savannah,USA,Sea,6652.5,18,1075.41,0.59,USD,0.0,1.32,DAP
SHP10340,2,Savannah,Hub-East,USA,Truck,678.8,2,358.47,,CAD,0.0,1.32,DAP
SHP10340,3,Savannah,GA,USA,Truck,701.0,4,358.47,1.02,USD,0.0,1.32,DAP
SHP10341,1,Dunkerque,New York,USA,Sea,6549.4,18,1602.09,1.11,CAD,0.02,1.371,DAP
SHP10341,2,New York,WA,USA,Truck,648.3,3,534.03,0.7,USD,0.02,1.371,FOB
SHP10342,1,Dunkerque,New York,USA,Sea,6610.3,14,2052.49,1.37,USD,0.025,1.198,FOB
SHP10342,2,New York,Hub-West,USA,Truck,243.2,3,684.16,1.12,USD,0.025,1.198,CIF
SHP10342,3,New York,CT,USA,Truck,205.6,3,684.16,0.87,USD,0.025,1.198,FOB
SHP10343,1,Marseille,New York,USA,Sea,6957.5,16,1700.01,0.5,CAD,0.015,1.239,DDP
SHP10343,2,New York,Hub-East,USA,Truck,279.7,3,566.67,0.23,CAD,0.015,1.239,DDP
SHP10343,3,New York,MI,USA,Rail,274.4,4,566.67,0.98,USD,0.015,1.239,FOB
SHP10344,1,Marseille,Montreal,Canada,Sea,6455.6,15,958.47,0.27,USD,0.025,1.371,DDP
SHP10344,2,Montreal,Hub-West,Canada,Rail,266.6,5,319.49,1.06,USD,0.025,1.371,DAP
SHP10344,3,Montreal,NS,Canada,Truck,360.2,4,319.49,0.34,USD,0.025,1.371,DAP
SHP10345,1,Le Havre,Montreal,Canada,Sea,6057.7,16,1952.29,1.01,USD,0.015,1.263,DDP
SHP10345,2,Montreal,ON,Canada,Truck,556.9,4,650.76,1.47,USD,0.015,1.263,DAP
SHP10346,1,Marseille,Los Angeles,USA,Sea,6424.6,16,877.43,0.76,USD,0.025,1.428,FOB
SHP10346,2,Los Angeles,Hub-West,USA,Truck,253.2,5,292.48,0.49,USD,0.025,1.428,DDP
SHP10346,3,Los Angeles,OR,USA,Rail,538.2,6,292.48,0.47,USD,0.025,1.428,DDP
SHP10347,1,Marseille,Savannah,USA,Sea,6108.1,16,1038.76,0.26,USD,0.0,1.359,CIF
SHP10347,2,Savannah,OH,USA,Truck,462.7,1,346.25,0.5,USD,0.0,1.359,CIF
SHP10348,1,Le Havre,New York,USA,Sea,6030.0,14,783.66,0.67,USD,0.025,1.319,CIF
SHP10348,2,New York,NY,USA,Sea,655.7,6,261.22,0.71,USD,0.025,1.319,DDP
SHP10349,1,Dunkerque,New York,USA,Sea,6574.0,18,1138.45,0.46,CAD,0.025,1.326,FOB
SHP10349,2,New York,TX,USA,Truck,351.1,2,379.48,0.33,CAD,0.025,1.326,DAP
SHP10350,1,Marseille,Los Angeles,USA,Sea,6186.0,15,2699.36,0.91,USD,0.0,1.252,CIF
SHP10350,2,Los Angeles,Hub-East,USA,Truck,588.7,4,899.79,1.43,CAD,0.0,1.252,DAP
SHP10350,3,Los Angeles,CA,USA,Sea,758.0,5,899.79,0.27,CAD,0.0,1.252,DAP
SHP10351,1,Le Havre,Los Angeles,USA,Sea,6384.1,17,2393.82,0.47,USD,0.0,1.343,DAP
SHP10351,2,Los Angeles,Hub-West,USA,Truck,269.8,4,797.94,0.67,USD,0.0,1.343,DAP
SHP10351,3,Los Angeles,IL,USA,Truck,762.3,4,797.94,1.35,USD,0.0,1.343,FOB
SHP10352,1,Dunkerque,Los Angeles,USA,Sea,6672.1,17,1107.33,0.92,CAD,0.015,1.27,DAP
SHP10352,2,Los Angeles,PA,USA,Truck,454.7,4,369.11,1.14,USD,0.015,1.27,DDP
SHP10353,1,Le Havre,Savannah,USA,Sea,6322.8,16,1539.05,1.37,USD,0.025,1.301,CIF
SHP10353,2,Savannah,Hub-East,USA,Truck,792.1,2,513.02,1.38,USD,0.025,1.301,DAP
SHP10353,3,Savannah,VA,USA,Truck,442.7,3,513.02,1.43,CAD,0.025,1.301,DDP
SHP10354,1,Dunkerque,Los Angeles,USA,Sea,6946.8,15,2025.22,0.66,USD,0.015,1.385,FOB
SHP10354,2,Los Angeles,FL,USA,Truck,367.7,1,675.07,0.97,USD,0.015,1.385,CIF
SHP10355,1,Dunkerque,Savannah,USA,Sea,6239.6,16,2107.98,0.53,USD,0.015,1.469,DAP
SHP10355,2,Savannah,Hub-East,USA,Rail,419.2,4,702.66,1.37,USD,0.015,1.469,DDP
SHP10355,3,Savannah,OH,USA,Truck,439.1,5,702.66,0.26,USD,0.015,1.469,DAP
SHP10356,1,Le Havre,Montreal,Canada,Sea,6558.8,15,2385.6,1.02,USD,0.015,1.306,DAP
SHP10356,2,Montreal,NB,Canada,Truck,163.3,2,795.2,0.74,USD,0.015,1.306,FOB
SHP10357,1,Marseille,New York,USA,Sea,6952.7,17,1541.99,1.4,USD,0.015,1.288,DAP
SHP10357,2,New York,Hub-West,USA,Truck,419.7,2,514.0,0.49,CAD,0.015,1.288,DDP
SHP10357,3,New York,FL,USA,Truck,247.7,3,514.0,0.65,USD,0.015,1.288,DDP
SHP10358,1,Dunkerque,Montreal,Canada,Sea,6561.0,17,1742.2,0.2,CAD,0.02,1.359,FOB
SHP10358,2,Montreal,Hub-East,Canada,Rail,672.8,2,580.73,1.24,USD,0.02,1.359,CIF
SHP10358,3,Montreal,MB,Canada,Truck,107.7,3,580.73,1.33,USD,0.02,1.359,CIF
SHP10359,1,Dunkerque,Savannah,USA,Sea,6132.3,13,1396.08,0.92,USD,0.0,1.264,DDP
SHP10359,2,Savannah,MI,USA,Truck,516.2,5,465.36,0.3,CAD,0.0,1.264,DAP
SHP10360,1,Le Havre,New York,USA,Sea,6682.2,17,1806.36,1.31,USD,0.02,1.22,CIF
SHP10360,2,New York,Hub-West,USA,Truck,518.3,4,602.12,0.92,USD,0.02,1.22,DAP
SHP10360,3,New York,CA,USA,Truck,245.3,1,602.12,1.4,USD,0.02,1.22,FOB
SHP10361,1,Dunkerque,New York,USA,Sea,6558.8,14,2383.05,0.34,USD,0.015,1.322,CIF
SHP10361,2,New York,MD,USA,Truck,247.1,2,794.35,0.94,USD,0.015,1.322,CIF
SHP10362,1,Dunkerque,Montreal,Canada,Sea,6482.5,13,2434.82,1.08,CAD,0.02,1.36,DAP
SHP10362,2,Montreal,SK,Canada,Truck,184.4,2,811.61,0.73,CAD,0.02,1.36,DDP
SHP10363,1,Dunkerque,Vancouver,Canada,Sea,6868.5,18,2338.75,1.4,USD,0.0,1.306,CIF
SHP10363,2,Vancouver,NB,Canada,Rail,723.7,3,779.58,1.11,USD,0.0,1.306,FOB
SHP10364,1,Dunkerque,Halifax,Canada,Sea,6214.0,13,2599.43,1.48,USD,0.025,1.349,DDP
SHP10364,2,Halifax,Hub-West,Canada,Rail,225.0,4,866.48,1.31,USD,0.025,1.349,DAP
SHP10364,3,Halifax,NL,Canada,Truck,771.4,5,866.48,0.83,USD,0.025,1.349,DDP
SHP10365,1,Le Havre,Savannah,USA,Sea,6813.7,16,1688.16,1.16,CAD,0.025,1.34,DAP
SHP10365,2,Savannah,CO,USA,Truck,738.5,4,562.72,0.42,USD,0.025,1.34,CIF
SHP10366,1,Marseille,New York,USA,Sea,6413.9,17,834.54,1.18,USD,0.0,1.325,DDP
SHP10366,2,New York,CA,USA,Truck,250.1,3,278.18,1.08,USD,0.0,1.325,CIF
SHP10367,1,Le Havre,Savannah,USA,Sea,6557.7,17,2477.07,1.17,USD,0.02,1.328,CIF
SHP10367,2,Savannah,Hub-East,USA,Truck,281.7,5,825.69,0.35,USD,0.02,1.328,CIF
SHP10367,3,Savannah,IL,USA,Truck,783.8,4,825.69,0.99,USD,0.02,1.328,DDP
SHP10368,1,Le Havre,Savannah,USA,Sea,6533.6,17,1816.35,,CAD,0.02,1.26,FOB
SHP10368,2,Savannah,TX,USA,Sea,197.9,3,605.45,0.4,USD,0.02,1.26,DAP
SHP10369,1,Dunkerque,Montreal,Canada,Sea,6841.3,14,1000.32,0.25,USD,0.0,1.329,FOB
SHP10369,2,Montreal,QC,Canada,Sea,371.1,3,333.44,0.94,USD,0.0,1.329,DDP
SHP10370,1,Dunkerque,Los Angeles,USA,Sea,6823.0,15,2450.74,1.38,USD,0.025,1.312,FOB
SHP10370,2,Los Angeles,Hub-West,USA,Truck,247.9,2,816.91,1.24,USD,0.025,1.312,DAP
SHP10370,3,Los Angeles,OH,USA,Rail,425.4,4,816.91,0.53,USD,0.025,1.312,CIF
SHP10371,1,Marseille,Montreal,Canada,Sea,6567.3,17,1045.15,0.31,CAD,0.0,1.357,DAP
SHP10371,2,Montreal,ON,Canada,Truck,101.8,3,348.38,1.46,USD,0.0,1.357,DDP
SHP10372,1,Le Havre,Savannah,USA,Sea,6387.6,15,1945.21,0.97,CAD,0.015,1.361,CIF
SHP10372,2,Savannah,CT,USA,Truck,479.2,3,648.4,0.32,USD,0.015,1.361,CIF
SHP10373,1,Dunkerque,Savannah,USA,Sea,6387.9,15,2299.88,1.33,USD,0.0,1.338,CIF
SHP10373,2,Savannah,Hub-East,USA,Sea,660.1,3,766.63,0.67,USD,0.0,1.338,FOB
SHP10373,3,Savannah,MA,USA,Truck,786.0,5,766.63,1.04,USD,0.0,1.338,DDP
SHP10374,1,Dunkerque,Los Angeles,USA,Sea,6592.0,16,2341.71,0.71,USD,0.015,1.323,DAP
SHP10374,2,Los Angeles,Hub-East,USA,Truck,337.6,3,780.57,1.1,USD,0.015,1.323,DDP
SHP10374,3,Los Angeles,CA,USA,Truck,136.6,2,780.57,0.45,CAD,0.015,1.323,DDP
SHP10375,1,Le Havre,Los Angeles,USA,Sea,6866.7,16,1471.08,1.0,CAD,0.02,1.352,DAP
SHP10375,2,Los Angeles,WA,USA,Sea,727.5,2,490.36,1.21,USD,0.02,1.352,FOB
SHP10376,1,Le Havre,Halifax,Canada,Sea,6781.2,15,2697.8,1.35,USD,0.025,1.307,DAP
SHP10376,2,Halifax,Hub-West,Canada,Rail,402.3,3,899.27,1.38,CAD,0.025,1.307,DDP
SHP10376,3,Halifax,MB,Canada,Truck,671.0,2,899.27,1.48,USD,0.025,1.307,CIF
SHP10377,1,Le Havre,Montreal,Canada,Sea,6091.5,14,2529.3,0.79,USD,0.02,1.392,DDP
SHP10377,2,Montreal,Hub-West,Canada,Truck,500.0,5,843.1,1.43,USD,0.02,1.392,CIF
SHP10377,3,Montreal,PE,Canada,Truck,217.1,5,843.1,1.14,CAD,0.02,1.392,CIF
SHP10378,1,Marseille,Los Angeles,USA,Sea,6078.3,15,2143.93,0.22,USD,0.02,1.317,DAP
SHP10378,2,Los Angeles,CO,USA,Rail,665.3,5,714.64,0.89,CAD,0.02,1.317,CIF
SHP10379,1,Le Havre,Savannah,USA,Sea,6324.8,13,2651.58,0.26,USD,0.015,1.255,DDP
SHP10379,2,Savannah,Hub-West,USA,Rail,302.6,2,883.86,1.04,USD,0.015,1.255,DAP
SHP10379,3,Savannah,NC,USA,Truck,270.1,5,883.86,1.4,USD,0.015,1.255,FOB
SHP10380,1,Dunkerque,New York,USA,Sea,6082.4,16,1260.13,0.76,USD,0.02,1.265,DAP
SHP10380,2,New York,Hub-East,USA,Truck,142.3,4,420.04,1.42,USD,0.02,1.265,CIF
SHP10380,3,New York,MN,USA,Truck,569.3,4,420.04,0.94,USD,0.02,1.265,DAP
SHP10381,1,Dunkerque,Savannah,USA,Sea,6268.3,17,1424.39,0.62,USD,0.015,1.366,CIF
SHP10381,2,Savannah,NC,USA,Truck,331.1,3,474.8,0.93,CAD,0.015,1.366,DDP
SHP10382,1,Dunkerque,Vancouver,Canada,Sea,6718.7,14,1834.44,1.43,USD,0.0,1.336,DDP
SHP10382,2,Vancouver,ON,Canada,Rail,366.4,4,611.48,1.01,CAD,0.0,1.336,DAP
SHP10383,1,Marseille,Vancouver,Canada,Sea,6039.3,16,2320.21,0.54,USD,0.015,1.313,DAP
SHP10383,2,Vancouver,Hub-West,Canada,Truck,605.5,5,773.4,0.91,USD,0.015,1.313,DDP
SHP10383,3,Vancouver,MB,Canada,Truck,171.3,5,773.4,,CAD,0.015,1.313,CIF
SHP10384,1,Dunkerque,New York,USA,Sea,6705.9,18,856.77,,USD,0.0,1.351,CIF
SHP10384,2,New York,Hub-West,USA,Rail,729.5,3,285.59,1.4,USD,0.0,1.351,CIF
SHP10384,3,New York,MD,USA,Truck,583.3,6,285.59,1.42,USD,0.0,1.351,CIF
SHP10385,1,Marseille,Montreal,Canada,Sea,6151.3,13,790.81,1.1,USD,0.0,1.344,DDP
SHP10385,2,Montreal,Hub-West,Canada,Truck,387.0,4,263.6,0.3,USD,0.0,1.344,DDP
SHP10385,3,Montreal,NL,Canada,Truck,367.2,5,263.6,0.74,USD,0.0,1.344,DDP
SHP10386,1,Le Havre,Savannah,USA,Sea,6359.4,17,2241.81,0.84,CAD,0.0,1.36,FOB
SHP10386,2,Savannah,Hub-West,USA,Truck,179.3,5,747.27,1.07,USD,0.0,1.36,CIF
SHP10386,3,Savannah,NY,USA,Truck,770.9,3,747.27,0.89,USD,0.0,1.36,FOB
SHP10387,1,Dunkerque,Montreal,Canada,Sea,6836.6,15,915.76,1.46,CAD,0.015,1.264,DDP
SHP10387,2,Montreal,Hub-West,Canada,Truck,422.1,1,305.25,1.07,USD,0.015,1.264,DDP
SHP10387,3,Montreal,MB,Canada,Sea,670.7,2,305.25,0.82,CAD,0.015,1.264,FOB
SHP10388,1,Le Havre,New York,USA,Sea,6982.4,16,2074.3,0.44,USD,0.02,1.31,DDP
SHP10388,2,New York,MA,USA,Truck,441.8,3,691.43,0.52,USD,0.02,1.31,FOB
SHP10389,1,Dunkerque,New York,USA,Sea,6490.8,14,912.91,,USD,0.015,1.341,FOB
SHP10389,2,New York,NY,USA,Air,133.8,2,304.3,0.42,USD,0.015,1.341,FOB
SHP10390,1,Marseille,New York,USA,Sea,6650.2,14,1444.3,0.29,USD,0.0,1.4,DDP
SHP10390,2,New York,WA,USA,Truck,398.2,4,481.43,0.97,USD,0.0,1.4,FOB
SHP10391,1,Marseille,Vancouver,Canada,Sea,6595.0,18,1618.19,1.01,USD,0.0,1.201,CIF
SHP10391,2,Vancouver,NB,Canada,Truck,780.2,5,539.4,1.46,CAD,0.0,1.201,FOB
SHP10392,1,Marseille,Los Angeles,USA,Sea,6737.5,16,904.45,,USD,0.0,1.286,DDP
SHP10392,2,Los Angeles,MD,USA,Truck,279.4,3,301.48,0.69,USD,0.0,1.286,DAP
SHP10393,1,Le Havre,New York,USA,Sea,6841.0,16,2559.42,0.89,USD,0.015,1.299,DDP
SHP10393,2,New York,Hub-West,USA,Truck,596.9,3,853.14,0.71,USD,0.015,1.299,DAP
SHP10393,3,New York,VA,USA,Truck,402.4,1,853.14,1.01,CAD,0.015,1.299,DAP
SHP10394,1,Le Havre,New York,USA,Sea,6335.7,15,2676.43,0.42,CAD,0.0,1.316,DDP
SHP10394,2,New York,PA,USA,Truck,325.4,3,892.14,0.73,CAD,0.0,1.316,DDP
SHP10395,1,Le Havre,Vancouver,Canada,Sea,6445.7,15,1469.85,,CAD,0.02,1.358,DAP
SHP10395,2,Vancouver,Hub-West,Canada,Truck,696.7,5,489.95,1.36,CAD,0.02,1.358,CIF
SHP10395,3,Vancouver,BC,Canada,Rail,585.0,6,489.95,0.23,USD,0.02,1.358,FOB
SHP10396,1,Le Havre,Los Angeles,USA,Sea,6203.2,13,2584.87,0.21,USD,0.015,1.291,DDP
SHP10396,2,Los Angeles,Hub-East,USA,Sea,620.5,2,861.62,0.62,USD,0.015,1.291,FOB
SHP10396,3,Los Angeles,TX,USA,Truck,196.4,5,861.62,1.22,USD,0.015,1.291,FOB
SHP10397,1,Le Havre,Montreal,Canada,Sea,6038.5,13,2651.83,0.95,USD,0.0,1.333,FOB
SHP10397,2,Montreal,AB,Canada,Rail,717.6,5,883.94,,CAD,0.0,1.333,DAP
SHP10398,1,Le Havre,Savannah,USA,Sea,6517.1,18,1693.48,,USD,0.02,1.212,CIF
SHP10398,2,Savannah,Hub-East,USA,Air,149.0,5,564.49,1.49,USD,0.02,1.212,FOB
SHP10398,3,Savannah,PA,USA,Truck,497.5,4,564.49,0.48,CAD,0.02,1.212,FOB
SHP10399,1,Le Havre,Halifax,Canada,Sea,6467.8,15,1621.35,0.65,USD,0.0,1.342,FOB
SHP10399,2,Halifax,NB,Canada,Rail,752.8,6,540.45,,USD,0.0,1.342,DDP
SHP10400,1,Marseille,New York,USA,Sea,6785.6,14,1387.28,1.23,USD,0.0,1.258,DAP
SHP10400,2,New York,IL,USA,Air,421.7,1,462.43,0.83,USD,0.0,1.258,CIF
SHP10401,1,Dunkerque,Savannah,USA,Sea,6630.4,14,1243.55,0.54,CAD,0.02,1.335,DDP
SHP10401,2,Savannah,Hub-East,USA,Truck,322.0,3,414.52,1.29,USD,0.02,1.335,CIF
SHP10401,3,Savannah,MD,USA,Truck,427.3,5,414.52,1.17,USD,0.02,1.335,CIF
SHP10402,1,Le Havre,Savannah,USA,Sea,6522.2,14,1129.86,1.41,USD,0.02,1.356,CIF
SHP10402,2,Savannah,GA,USA,Rail,473.9,1,376.62,1.02,USD,0.02,1.356,FOB
SHP10403,1,Dunkerque,Savannah,USA,Sea,6660.9,15,1668.69,0.28,CAD,0.02,1.348,FOB
SHP10403,2,Savannah,OR,USA,Rail,121.0,4,556.23,0.39,USD,0.02,1.348,DAP
SHP10404,1,Dunkerque,New York,USA,Sea,6645.1,18,1846.64,1.01,USD,0.025,1.346,CIF
SHP10404,2,New York,Hub-East,USA,Truck,329.1,4,615.55,0.28,USD,0.025,1.346,DDP
SHP10404,3,New York,VA,USA,Truck,452.0,4,615.55,0.62,USD,0.025,1.346,DAP
SHP10405,1,Dunkerque,Vancouver,Canada,Sea,6965.5,17,2225.65,0.55,USD,0.0,1.406,DAP
SHP10405,2,Vancouver,BC,Canada,Truck,704.5,6,741.88,1.05,USD,0.0,1.406,CIF
SHP10406,1,Marseille,New York,USA,Sea,6203.6,15,1420.86,1.09,CAD,0.02,1.33,CIF
SHP10406,2,New York,NC,USA,Rail,140.8,3,473.62,1.12,USD,0.02,1.33,FOB
SHP10407,1,Marseille,Halifax,Canada,Sea,6887.7,18,806.01,0.21,USD,0.025,1.385,DDP
SHP10407,2,Halifax,PE,Canada,Sea,473.7,5,268.67,1.28,USD,0.025,1.385,FOB
SHP10408,1,Marseille,Los Angeles,USA,Sea,6901.9,16,1046.72,0.61,USD,0.025,1.28,FOB
SHP10408,2,Los Angeles,VA,USA,Truck,210.9,5,348.91,0.8,CAD,0.025,1.28,CIF
SHP10409,1,Le Havre,Los Angeles,USA,Sea,6355.1,13,1468.42,0.55,USD,0.02,1.331,FOB
SHP10409,2,Los Angeles,Hub-West,USA,Truck,327.5,2,489.47,1.06,USD,0.02,1.331,DAP
SHP10409,3,Los Angeles,OR,USA,Rail,443.7,2,489.47,,USD,0.02,1.331,DAP
SHP10410,1,Dunkerque,Los Angeles,USA,Sea,6610.4,16,1320.92,1.01,USD,0.0,1.341,DAP
SHP10410,2,Los Angeles,Hub-West,USA,Rail,512.7,5,440.31,0.45,USD,0.0,1.341,FOB
SHP10410,3,Los Angeles,TX,USA,Truck,723.3,4,440.31,0.47,USD,0.0,1.341,CIF
SHP10411,1,Marseille,Los Angeles,USA,Sea,6181.0,14,1500.01,1.03,USD,0.02,1.332,CIF
SHP10411,2,Los Angeles,Hub-West,USA,Sea,639.3,5,500.0,0.85,USD,0.02,1.332,DAP
SHP10411,3,Los Angeles,MN,USA,Air,537.0,2,500.0,0.57,USD,0.02,1.332,CIF
SHP10412,1,Marseille,New York,USA,Sea,6437.6,15,1690.66,1.38,USD,0.015,1.381,DDP
SHP10412,2,New York,Hub-East,USA,Truck,681.4,5,563.55,1.38,CAD,0.015,1.381,DAP
SHP10412,3,New York,CT,USA,Truck,591.1,6,563.55,1.5,USD,0.015,1.381,DAP
SHP10413,1,Marseille,Los Angeles,USA,Sea,6461.2,14,1276.82,0.99,CAD,0.015,1.339,FOB
SHP10413,2,Los Angeles,AZ,USA,Sea,670.8,2,425.61,0.5,USD,0.015,1.339,CIF
SHP10414,1,Dunkerque,Montreal,Canada,Sea,6594.3,17,1996.4,1.45,USD,0.025,1.343,CIF
SHP10414,2,Montreal,Hub-East,Canada,Truck,700.1,3,665.47,0.32,USD,0.025,1.343,FOB
SHP10414,3,Montreal,BC,Canada,Truck,632.2,5,665.47,0.46,CAD,0.025,1.343,DAP
SHP10415,1,Marseille,Los Angeles,USA,Sea,6021.1,14,1976.59,1.29,USD,0.015,1.352,DAP
SHP10415,2,Los Angeles,NC,USA,Truck,205.4,5,658.86,0.25,USD,0.015,1.352,CIF
SHP10416,1,Le Havre,Los Angeles,USA,Sea,6178.6,13,1143.35,1.05,USD,0.015,1.329,FOB
SHP10416,2,Los Angeles,Hub-East,USA,Truck,196.0,1,381.12,0.31,USD,0.015,1.329,DAP
SHP10416,3,Los Angeles,FL,USA,Truck,772.0,6,381.12,1.32,CAD,0.015,1.329,FOB
SHP10417,1,Dunkerque,Los Angeles,USA,Sea,6158.7,16,1639.04,0.23,CAD,0.02,1.35,FOB
SHP10417,2,Los Angeles,MI,USA,Truck,129.6,5,546.35,0.41,USD,0.02,1.35,FOB
SHP10418,1,Dunkerque,Los Angeles,USA,Sea,6872.3,16,2386.04,0.43,USD,0.015,1.349,CIF
SHP10418,2,Los Angeles,AZ,USA,Rail,131.6,5,795.35,0.65,CAD,0.015,1.349,DAP
SHP10419,1,Marseille,Savannah,USA,Sea,6797.5,15,824.12,1.3,USD,0.0,1.356,DAP
SHP10419,2,Savannah,Hub-West,USA,Truck,605.8,2,274.71,0.25,CAD,0.0,1.356,DDP
SHP10419,3,Savannah,VA,USA,Rail,739.8,2,274.71,1.05,USD,0.0,1.356,DAP
SHP10420,1,Le Havre,Vancouver,Canada,Sea,6816.8,17,2102.15,1.33,USD,0.02,1.267,CIF
SHP10420,2,Vancouver,Hub-East,Canada,Truck,600.8,2,700.72,,USD,0.02,1.267,DAP
SHP10420,3,Vancouver,SK,Canada,Truck,359.5,1,700.72,1.37,USD,0.02,1.267,CIF
SHP10421,1,Le Havre,Savannah,USA,Sea,6341.9,17,1267.89,0.71,USD,0.0,1.304,CIF
SHP10421,2,Savannah,Hub-West,USA,Truck,436.3,4,422.63,0.48,CAD,0.0,1.304,DDP
SHP10421,3,Savannah,PA,USA,Truck,379.6,1,422.63,,CAD,0.0,1.304,DDP
SHP10422,1,Dunkerque,Los Angeles,USA,Sea,6517.5,18,2193.83,0.99,USD,0.0,1.322,CIF
SHP10422,2,Los Angeles,Hub-East,USA,Sea,527.9,3,731.28,0.76,CAD,0.0,1.322,CIF
SHP10422,3,Los Angeles,NY,USA,Truck,487.9,4,731.28,1.27,USD,0.0,1.322,DAP
SHP10423,1,Le Havre,Halifax,Canada,Sea,6627.0,18,2227.76,1.44,CAD,0.025,1.323,FOB
SHP10423,2,Halifax,NS,Canada,Truck,610.7,4,742.59,0.65,USD,0.025,1.323,CIF
SHP10424,1,Marseille,New York,USA,Sea,6869.9,15,1736.75,0.82,USD,0.015,1.326,CIF
SHP10424,2,New York,Hub-West,USA,Rail,600.0,5,578.92,,CAD,0.015,1.326,FOB
SHP10424,3,New York,OR,USA,Air,434.0,2,578.92,0.22,USD,0.015,1.326,CIF
SHP10425,1,Le Havre,Los Angeles,USA,Sea,6922.8,18,1915.95,0.72,USD,0.02,1.424,DAP
SHP10425,2,Los Angeles,Hub-West,USA,Rail,120.5,1,638.65,0.86,USD,0.02,1.424,DDP
SHP10425,3,Los Angeles,VA,USA,Truck,317.9,1,638.65,0.83,USD,0.02,1.424,FOB
SHP10426,1,Dunkerque,Los Angeles,USA,Sea,6414.5,14,1329.25,1.49,USD,0.02,1.323,CIF
SHP10426,2,Los Angeles,FL,USA,Truck,626.7,6,443.08,0.6,USD,0.02,1.323,DAP
SHP10427,1,Dunkerque,Savannah,USA,Sea,6656.0,17,1194.03,1.29,USD,0.02,1.303,FOB
SHP10427,2,Savannah,Hub-West,USA,Truck,134.4,1,398.01,1.02,USD,0.02,1.303,CIF
SHP10427,3,Savannah,CO,USA,Truck,454.6,3,398.01,0.41,USD,0.02,1.303,CIF
SHP10428,1,Dunkerque,Vancouver,Canada,Sea,6944.9,18,2425.87,0.73,CAD,0.025,1.271,CIF
SHP10428,2,Vancouver,Hub-West,Canada,Truck,654.0,6,808.62,0.62,USD,0.025,1.271,DDP
SHP10428,3,Vancouver,ON,Canada,Truck,507.5,5,808.62,0.54,USD,0.025,1.271,DAP
SHP10429,1,Dunkerque,Montreal,Canada,Sea,6534.4,15,2603.47,0.3,USD,0.015,1.283,CIF
SHP10429,2,Montreal,SK,Canada,Rail,198.9,1,867.82,1.49,CAD,0.015,1.283,DDP
SHP10430,1,Le Havre,Savannah,USA,Sea,6813.4,18,790.48,0.66,CAD,0.015,1.256,DAP
SHP10430,2,Savannah,Hub-West,USA,Truck,474.7,4,263.49,1.18,CAD,0.015,1.256,DDP
SHP10430,3,Savannah,AZ,USA,Rail,102.6,3,263.49,0.85,USD,0.015,1.256,DDP
SHP10431,1,Dunkerque,Halifax,Canada,Sea,6359.2,17,1804.64,1.27,USD,0.025,1.336,FOB
SHP10431,2,Halifax,ON,Canada,Truck,141.3,2,601.55,1.02,CAD,0.025,1.336,FOB
SHP10432,1,Le Havre,Halifax,Canada,Sea,6282.3,16,1603.69,0.65,USD,0.0,1.263,DDP
SHP10432,2,Halifax,Hub-West,Canada,Truck,720.9,3,534.56,1.23,USD,0.0,1.263,DDP
SHP10432,3,Halifax,PE,Canada,Truck,165.7,2,534.56,0.67,USD,0.0,1.263,DAP
SHP10433,1,Dunkerque,Los Angeles,USA,Sea,6767.7,15,1072.63,0.27,USD,0.025,1.266,FOB
SHP10433,2,Los Angeles,NY,USA,Truck,700.5,4,357.54,0.41,CAD,0.025,1.266,FOB
SHP10434,1,Le Havre,Los Angeles,USA,Sea,6177.2,13,1269.01,0.81,CAD,0.02,1.297,CIF
SHP10434,2,Los Angeles,Hub-West,USA,Rail,405.6,5,423.0,0.63,CAD,0.02,1.297,DDP
SHP10434,3,Los Angeles,NC,USA,Sea,539.8,2,423.0,1.08,USD,0.02,1.297,DAP
SHP10435,1,Le Havre,New York,USA,Sea,6609.8,15,1756.87,1.26,USD,0.015,1.364,DAP
SHP10435,2,New York,Hub-West,USA,Truck,604.4,6,585.62,0.25,CAD,0.015,1.364,DAP
SHP10435,3,New York,PA,USA,Rail,255.2,4,585.62,0.21,USD,0.015,1.364,FOB
SHP10436,1,Marseille,Montreal,Canada,Sea,6137.6,15,1283.79,1.46,USD,0.0,1.315,CIF
SHP10436,2,Montreal,QC,Canada,Air,314.5,2,427.93,0.22,CAD,0.0,1.315,DAP
SHP10437,1,Dunkerque,Los Angeles,USA,Sea,6074.7,16,921.88,0.91,USD,0.02,1.301,DAP
SHP10437,2,Los Angeles,Hub-West,USA,Truck,373.6,1,307.29,0.71,CAD,0.02,1.301,FOB
SHP10437,3,Los Angeles,OR,USA,Truck,714.5,3,307.29,0.6,CAD,0.02,1.301,CIF
SHP10438,1,Le Havre,New York,USA,Sea,6197.0,17,1461.1,0.43,CAD,0.015,1.261,DDP
SHP10438,2,New York,MA,USA,Air,148.0,5,487.03,0.64,USD,0.015,1.261,DDP
SHP10439,1,Marseille,New York,USA,Sea,6433.2,16,2315.6,1.49,USD,0.02,1.369,DAP
SHP10439,2,New York,VA,USA,Sea,750.2,4,771.87,0.6,USD,0.02,1.369,FOB
SHP10440,1,Dunkerque,Los Angeles,USA,Sea,6770.3,14,1180.36,0.9,CAD,0.015,1.219,FOB
SHP10440,2,Los Angeles,OR,USA,Truck,720.8,5,393.45,1.0,USD,0.015,1.219,FOB
SHP10441,1,Marseille,Savannah,USA,Sea,6424.1,14,1124.07,0.26,CAD,0.015,1.325,FOB
SHP10441,2,Savannah,Hub-West,USA,Truck,369.7,4,374.69,0.6,USD,0.015,1.325,FOB
SHP10441,3,Savannah,IL,USA,Truck,510.9,2,374.69,0.8,CAD,0.015,1.325,DAP
SHP10442,1,Dunkerque,Montreal,Canada,Sea,6440.0,13,1637.04,1.08,USD,0.0,1.255,DAP
SHP10442,2,Montreal,Hub-East,Canada,Truck,278.8,1,545.68,1.12,USD,0.0,1.255,DAP
SHP10442,3,Montreal,PE,Canada,Rail,309.0,4,545.68,1.26,USD,0.0,1.255,DAP
SHP10443,1,Dunkerque,New York,USA,Sea,6992.0,17,1737.7,0.24,USD,0.015,1.422,DAP
SHP10443,2,New York,CT,USA,Truck,791.2,2,579.23,0.81,USD,0.015,1.422,FOB
SHP10444,1,Dunkerque,Halifax,Canada,Sea,6563.3,17,1598.13,0.29,CAD,0.015,1.322,DDP
SHP10444,2,Halifax,ON,Canada,Rail,438.1,5,532.71,0.35,USD,0.015,1.322,CIF
SHP10445,1,Le Havre,Montreal,Canada,Sea,6644.3,17,1139.25,0.8,USD,0.02,1.276,DDP
SHP10445,2,Montreal,BC,Canada,Rail,336.0,5,379.75,1.07,USD,0.02,1.276,DDP
SHP10446,1,Dunkerque,Montreal,Canada,Sea,6070.9,16,2667.28,0.59,USD,0.015,1.352,FOB
SHP10446,2,Montreal,Hub-East,Canada,Air,627.3,6,889.09,0.24,CAD,0.015,1.352,FOB
SHP10446,3,Montreal,AB,Canada,Truck,586.6,6,889.09,0.91,USD,0.015,1.352,DAP
SHP10447,1,Le Havre,New York,USA,Sea,6853.7,16,1697.01,0.94,USD,0.015,1.357,DAP
SHP10447,2,New York,Hub-West,USA,Truck,426.4,2,565.67,0.5,USD,0.015,1.357,FOB
SHP10447,3,New York,FL,USA,Sea,341.3,1,565.67,0.76,USD,0.015,1.357,DDP
SHP10448,1,Le Havre,Savannah,USA,Sea,6641.7,14,1920.41,1.0,CAD,0.02,1.3,DDP
SHP10448,2,Savannah,Hub-East,USA,Truck,352.3,4,640.14,,USD,0.02,1.3,DDP
SHP10448,3,Savannah,GA,USA,Truck,198.8,2,640.14,0.76,USD,0.02,1.3,FOB
SHP10449,1,Dunkerque,Vancouver,Canada,Sea,6185.6,15,2376.47,0.72,USD,0.0,1.302,CIF
SHP10449,2,Vancouver,NB,Canada,Truck,428.7,2,792.16,1.06,USD,0.0,1.302,DAP
SHP10450,1,Dunkerque,Savannah,USA,Sea,6707.5,17,744.11,0.53,USD,0.025,1.272,CIF
SHP10450,2,Savannah,Hub-West,USA,Rail,394.8,1,248.04,1.39,USD,0.025,1.272,DAP
SHP10450,3,Savannah,PA,USA,Truck,460.1,4,248.04,1.17,USD,0.025,1.272,FOB
SHP10451,1,Marseille,Halifax,Canada,Sea,6777.4,14,2642.76,0.67,USD,0.0,1.268,FOB
SHP10451,2,Halifax,Hub-East,Canada,Air,610.0,4,880.92,1.38,USD,0.0,1.268,CIF
SHP10451,3,Halifax,MB,Canada,Truck,511.8,2,880.92,1.25,USD,0.0,1.268,FOB
SHP10452,1,Dunkerque,Halifax,Canada,Sea,6198.1,15,1281.26,0.67,USD,0.0,1.281,CIF
SHP10452,2,Halifax,Hub-East,Canada,Truck,426.4,4,427.09,0.86,USD,0.0,1.281,CIF
SHP10452,3,Halifax,NS,Canada,Truck,328.8,5,427.09,1.36,USD,0.0,1.281,CIF
SHP10453,1,Marseille,Halifax,Canada,Sea,6736.7,15,1075.27,1.18,USD,0.02,1.288,DDP
SHP10453,2,Halifax,MB,Canada,Truck,698.5,3,358.42,0.67,USD,0.02,1.288,DDP
SHP10454,1,Marseille,Montreal,Canada,Sea,6140.9,16,1074.72,0.3,USD,0.0,1.288,CIF
SHP10454,2,Montreal,Hub-East,Canada,Sea,506.2,5,358.24,,USD,0.0,1.288,CIF
SHP10454,3,Montreal,MB,Canada,Rail,726.9,4,358.24,0.91,USD,0.0,1.288,FOB
SHP10455,1,Le Havre,Vancouver,Canada,Sea,6244.0,15,1064.48,1.15,USD,0.025,1.287,CIF
SHP10455,2,Vancouver,Hub-West,Canada,Truck,361.8,5,354.83,0.85,CAD,0.025,1.287,DDP
SHP10455,3,Vancouver,ON,Canada,Truck,361.0,4,354.83,1.06,USD,0.025,1.287,DAP
SHP10456,1,Dunkerque,Halifax,Canada,Sea,6028.8,13,2178.94,0.52,USD,0.0,1.304,FOB
SHP10456,2,Halifax,BC,Canada,Truck,529.2,3,726.31,0.24,CAD,0.0,1.304,CIF
SHP10457,1,Le Havre,Montreal,Canada,Sea,6594.7,14,1030.21,1.13,USD,0.02,1.501,DAP
SHP10457,2,Montreal,Hub-East,Canada,Truck,194.5,5,343.4,0.6,USD,0.02,1.501,FOB
SHP10457,3,Montreal,SK,Canada,Truck,106.6,2,343.4,1.14,CAD,0.02,1.501,DDP
SHP10458,1,Le Havre,Savannah,USA,Sea,6634.2,16,988.91,0.68,USD,0.015,1.319,FOB
SHP10458,2,Savannah,Hub-West,USA,Truck,530.0,2,329.64,0.46,CAD,0.015,1.319,CIF
SHP10458,3,Savannah,VA,USA,Sea,215.9,4,329.64,0.45,USD,0.015,1.319,DAP
SHP10459,1,Le Havre,New York,USA,Sea,6534.8,17,1746.64,0.3,USD,0.015,1.364,DDP
SHP10459,2,New York,NY,USA,Truck,319.1,3,582.21,0.99,USD,0.015,1.364,DAP
SHP10460,1,Dunkerque,Savannah,USA,Sea,6736.3,14,2342.07,0.94,CAD,0.02,1.343,DAP
SHP10460,2,Savannah,WA,USA,Truck,784.5,5,780.69,0.64,USD,0.02,1.343,DAP
SHP10461,1,Dunkerque,Halifax,Canada,Sea,6128.0,14,2369.38,1.45,CAD,0.015,1.329,DDP
SHP10461,2,Halifax,Hub-East,Canada,Rail,684.0,3,789.79,0.31,USD,0.015,1.329,FOB
SHP10461,3,Halifax,BC,Canada,Truck,563.8,2,789.79,0.75,CAD,0.015,1.329,FOB
SHP10462,1,Marseille,New York,USA,Sea,6460.6,14,2056.1,0.99,CAD,0.025,1.315,CIF
SHP10462,2,New York,CA,USA,Rail,392.6,5,685.37,,CAD,0.025,1.315,CIF
SHP10463,1,Dunkerque,Savannah,USA,Sea,6585.9,17,1163.13,0.3,USD,0.0,1.352,DAP
SHP10463,2,Savannah,NC,USA,Truck,303.6,2,387.71,0.64,USD,0.0,1.352,DAP
SHP10464,1,Dunkerque,Savannah,USA,Sea,6710.0,16,881.68,0.86,USD,0.015,1.312,DAP
SHP10464,2,Savannah,MA,USA,Truck,790.0,6,293.89,0.33,USD,0.015,1.312,CIF
SHP10465,1,Le Havre,Vancouver,Canada,Sea,6685.8,18,2149.16,0.32,USD,0.015,1.417,DDP
SHP10465,2,Vancouver,AB,Canada,Truck,470.6,4,716.39,0.98,USD,0.015,1.417,FOB
SHP10466,1,Dunkerque,Montreal,Canada,Sea,6995.9,17,2456.15,1.04,USD,0.015,1.357,FOB
SHP10466,2,Montreal,QC,Canada,Truck,181.3,1,818.72,0.36,USD,0.015,1.357,DAP
SHP10467,1,Le Havre,Los Angeles,USA,Sea,6940.1,16,2243.25,0.98,USD,0.015,1.302,DAP
SHP10467,2,Los Angeles,Hub-West,USA,Truck,737.6,2,747.75,1.46,CAD,0.015,1.302,DDP
SHP10467,3,Los Angeles,MI,USA,Rail,477.7,1,747.75,1.3,USD,0.015,1.302,DDP
SHP10468,1,Dunkerque,New York,USA,Sea,6206.4,15,1215.86,0.33,USD,0.02,1.277,CIF
SHP10468,2,New York,CT,USA,Truck,677.9,6,405.29,,CAD,0.02,1.277,CIF
SHP10469,1,Marseille,Montreal,Canada,Sea,6633.1,14,786.02,1.09,USD,0.0,1.272,CIF
SHP10469,2,Montreal,SK,Canada,Truck,354.5,5,262.01,0.42,USD,0.0,1.272,DAP
SHP10470,1,Marseille,New York,USA,Sea,6998.3,17,1163.79,1.09,CAD,0.025,1.277,DDP
SHP10470,2,New York,Hub-East,USA,Truck,511.9,3,387.93,0.81,USD,0.025,1.277,DDP
SHP10470,3,New York,MA,USA,Truck,754.2,6,387.93,0.73,USD,0.025,1.277,FOB
SHP10471,1,Le Havre,Los Angeles,USA,Sea,6569.4,16,2535.56,0.31,USD,0.02,1.301,DDP
SHP10471,2,Los Angeles,CA,USA,Truck,439.8,3,845.19,0.82,USD,0.02,1.301,DAP
SHP10472,1,Le Havre,Los Angeles,USA,Sea,6736.7,16,1478.05,0.48,CAD,0.0,1.289,DDP
SHP10472,2,Los Angeles,Hub-West,USA,Truck,148.3,3,492.68,1.02,USD,0.0,1.289,CIF
SHP10472,3,Los Angeles,MD,USA,Truck,502.4,6,492.68,1.11,USD,0.0,1.289,CIF
SHP10473,1,Marseille,Savannah,USA,Sea,6193.0,13,1666.02,1.41,CAD,0.015,1.418,DDP
SHP10473,2,Savannah,Hub-East,USA,Sea,578.9,5,555.34,1.12,USD,0.015,1.418,DAP
SHP10473,3,Savannah,MD,USA,Truck,568.5,6,555.34,0.8,USD,0.015,1.418,DAP
SHP10474,1,Dunkerque,New York,USA,Sea,6247.9,15,1600.33,1.0,USD,0.0,1.351,FOB
SHP10474,2,New York,Hub-East,USA,Truck,522.9,2,533.44,0.91,USD,0.0,1.351,DDP
SHP10474,3,New York,MI,USA,Truck,694.0,4,533.44,0.36,USD,0.0,1.351,DDP
SHP10475,1,Dunkerque,Savannah,USA,Sea,6763.2,17,1438.52,,USD,0.0,1.31,FOB
SHP10475,2,Savannah,Hub-West,USA,Rail,300.9,3,479.51,1.28,CAD,0.0,1.31,CIF
SHP10475,3,Savannah,MD,USA,Sea,751.3,3,479.51,1.24,USD,0.0,1.31,CIF
SHP10476,1,Dunkerque,Savannah,USA,Sea,6105.8,17,1255.57,0.38,USD,0.015,1.329,CIF
SHP10476,2,Savannah,Hub-East,USA,Truck,415.4,1,418.52,1.23,CAD,0.015,1.329,DDP
SHP10476,3,Savannah,NY,USA,Truck,433.7,4,418.52,0.27,CAD,0.015,1.329,CIF
SHP10477,1,Dunkerque,Los Angeles,USA,Sea,6956.3,17,2321.66,0.78,USD,0.015,1.263,DDP
SHP10477,2,Los Angeles,NY,USA,Rail,302.6,4,773.89,0.33,USD,0.015,1.263,DDP
SHP10478,1,Le Havre,New York,USA,Sea,6159.7,17,2036.6,1.42,USD,0.015,1.367,FOB
SHP10478,2,New York,Hub-East,USA,Truck,210.3,5,678.87,1.42,USD,0.015,1.367,DAP
SHP10478,3,New York,AZ,USA,Truck,272.7,4,678.87,0.85,USD,0.015,1.367,DDP
SHP10479,1,Marseille,Vancouver,Canada,Sea,6682.2,17,1488.42,0.52,USD,0.015,1.329,DAP
SHP10479,2,Vancouver,MB,Canada,Truck,751.3,3,496.14,0.48,USD,0.015,1.329,DDP
SHP10480,1,Le Havre,Los Angeles,USA,Sea,6281.5,14,1801.58,,CAD,0.0,1.333,DDP
SHP10480,2,Los Angeles,MD,USA,Truck,292.4,3,600.53,0.54,USD,0.0,1.333,DDP
SHP10481,1,Dunkerque,New York,USA,Sea,6252.2,17,1266.28,1.18,USD,0.0,1.307,CIF
SHP10481,2,New York,NC,USA,Air,634.8,6,422.09,0.98,USD,0.0,1.307,FOB
SHP10482,1,Dunkerque,Savannah,USA,Sea,6074.4,16,1130.13,0.58,USD,0.015,1.277,DDP
SHP10482,2,Savannah,OH,USA,Rail,116.5,2,376.71,0.74,USD,0.015,1.277,CIF
SHP10483,1,Le Havre,New York,USA,Sea,6427.1,16,2505.78,0.78,CAD,0.015,1.366,DDP
SHP10483,2,New York,CA,USA,Rail,795.5,3,835.26,0.25,USD,0.015,1.366,DAP
SHP10484,1,Le Havre,Montreal,Canada,Sea,6013.0,14,1974.43,1.13,CAD,0.02,1.352,FOB
SHP10484,2,Montreal,MB,Canada,Rail,109.5,4,658.14,1.11,USD,0.02,1.352,DAP
SHP10485,1,Le Havre,New York,USA,Sea,6343.2,15,2611.13,0.99,USD,0.025,1.379,DDP
SHP10485,2,New York,MN,USA,Air,681.9,4,870.38,0.75,USD,0.025,1.379,FOB
SHP10486,1,Le Havre,New York,USA,Sea,6613.9,16,889.37,0.6,USD,0.02,1.249,DDP
SHP10486,2,New York,MI,USA,Rail,670.2,5,296.46,0.58,USD,0.02,1.249,CIF
SHP10487,1,Dunkerque,New York,USA,Sea,6068.4,15,1321.24,0.61,USD,0.0,1.219,FOB
SHP10487,2,New York,Hub-East,USA,Truck,360.0,1,440.41,1.02,USD,0.0,1.219,DDP
SHP10487,3,New York,NC,USA,Truck,124.8,5,440.41,0.96,CAD,0.0,1.219,CIF
SHP10488,1,Dunkerque,Savannah,USA,Sea,6292.3,17,1025.76,0.76,USD,0.0,1.372,FOB
SHP10488,2,Savannah,WA,USA,Truck,477.0,5,341.92,1.43,USD,0.0,1.372,DAP
SHP10489,1,Le Havre,Savannah,USA,Sea,6434.3,17,1889.62,1.35,USD,0.02,1.346,CIF
SHP10489,2,Savannah,Hub-West,USA,Truck,580.2,4,629.87,0.32,USD,0.02,1.346,DDP
SHP10489,3,Savannah,MA,USA,Truck,299.2,5,629.87,,USD,0.02,1.346,DAP
SHP10490,1,Le Havre,Los Angeles,USA,Sea,6543.5,14,1466.23,1.24,USD,0.015,1.296,CIF
SHP10490,2,Los Angeles,WA,USA,Rail,640.8,2,488.74,0.53,USD,0.015,1.296,DAP
SHP10491,1,Marseille,Los Angeles,USA,Sea,6431.7,13,2615.61,,USD,0.015,1.349,CIF
SHP10491,2,Los Angeles,CA,USA,Truck,396.9,1,871.87,0.94,USD,0.015,1.349,CIF
SHP10492,1,Dunkerque,Vancouver,Canada,Sea,6578.6,17,1601.23,0.83,CAD,0.015,1.28,CIF
SHP10492,2,Vancouver,Hub-East,Canada,Truck,606.9,4,533.74,1.14,USD,0.015,1.28,DDP
SHP10492,3,Vancouver,NB,Canada,Rail,683.6,5,533.74,,USD,0.015,1.28,DDP
SHP10493,1,Dunkerque,New York,USA,Sea,6363.2,14,2486.72,1.01,USD,0.015,1.255,DDP
SHP10493,2,New York,Hub-West,USA,Truck,248.5,4,828.91,1.4,USD,0.015,1.255,CIF
SHP10493,3,New York,CT,USA,Truck,669.2,5,828.91,0.28,USD,0.015,1.255,CIF
SHP10494,1,Marseille,Los Angeles,USA,Sea,6582.5,18,1100.69,0.67,USD,0.0,1.281,DDP
SHP10494,2,Los Angeles,WA,USA,Truck,604.2,5,366.9,1.4,CAD,0.0,1.281,DDP
SHP10495,1,Le Havre,Halifax,Canada,Sea,6748.6,15,2138.17,1.38,USD,0.0,1.303,CIF
SHP10495,2,Halifax,QC,Canada,Truck,263.8,1,712.72,0.82,USD,0.0,1.303,DAP
SHP10496,1,Le Havre,Savannah,USA,Sea,6510.1,18,1590.28,0.38,USD,0.02,1.305,CIF
SHP10496,2,Savannah,Hub-East,USA,Truck,298.5,4,530.09,0.84,CAD,0.02,1.305,DDP
SHP10496,3,Savannah,CA,USA,Truck,139.5,2,530.09,0.38,CAD,0.02,1.305,DDP
SHP10497,1,Marseille,Halifax,Canada,Sea,6458.2,15,1376.52,0.47,CAD,0.015,1.365,CIF
SHP10497,2,Halifax,Hub-West,Canada,Truck,621.5,2,458.84,1.14,CAD,0.015,1.365,DDP
SHP10497,3,Halifax,SK,Canada,Rail,272.8,4,458.84,0.89,CAD,0.015,1.365,DAP
SHP10498,1,Marseille,Halifax,Canada,Sea,6569.0,15,2395.55,0.7,USD,0.025,1.333,FOB
SHP10498,2,Halifax,BC,Canada,Truck,641.7,2,798.52,0.23,USD,0.025,1.333,DAP
SHP10499,1,Dunkerque,New York,USA,Sea,6260.1,13,2439.22,0.87,USD,0.0,1.335,CIF
SHP10499,2,New York,Hub-West,USA,Sea,752.0,4,813.07,0.37,USD,0.0,1.335,CIF
SHP10499,3,New York,NC,USA,Rail,680.8,2,813.07,0.81,CAD,0.0,1.335,FOB
